/*
 Navicat Premium Data Transfer

 Source Server         : YunDaKeyServer
 Source Server Type    : MySQL
 Source Server Version : 50735
 Source Host           : localhost:3306
 Source Schema         : cdyunda-toolsdb

 Target Server Type    : MySQL
 Target Server Version : 50735
 File Encoding         : 65001

 Date: 05/11/2021 13:25:48
*/

SET NAMES utf8mb4;
SET FOREIGN_KEY_CHECKS = 0;

-- ----------------------------
-- Table structure for qrtz_blob_triggers
-- ----------------------------
DROP TABLE IF EXISTS `qrtz_blob_triggers`;
CREATE TABLE `qrtz_blob_triggers`  (
  `SCHED_NAME` varchar(120) CHARACTER SET utf8 COLLATE utf8_general_ci NOT NULL,
  `TRIGGER_NAME` varchar(200) CHARACTER SET utf8 COLLATE utf8_general_ci NOT NULL,
  `TRIGGER_GROUP` varchar(200) CHARACTER SET utf8 COLLATE utf8_general_ci NOT NULL,
  `BLOB_DATA` blob NULL,
  PRIMARY KEY (`SCHED_NAME`, `TRIGGER_NAME`, `TRIGGER_GROUP`) USING BTREE,
  INDEX `SCHED_NAME`(`SCHED_NAME`, `TRIGGER_NAME`, `TRIGGER_GROUP`) USING BTREE,
  CONSTRAINT `qrtz_blob_triggers_ibfk_1` FOREIGN KEY (`SCHED_NAME`, `TRIGGER_NAME`, `TRIGGER_GROUP`) REFERENCES `qrtz_triggers` (`SCHED_NAME`, `TRIGGER_NAME`, `TRIGGER_GROUP`) ON DELETE RESTRICT ON UPDATE RESTRICT
) ENGINE = InnoDB CHARACTER SET = utf8 COLLATE = utf8_general_ci ROW_FORMAT = Dynamic;

-- ----------------------------
-- Records of qrtz_blob_triggers
-- ----------------------------

-- ----------------------------
-- Table structure for qrtz_calendars
-- ----------------------------
DROP TABLE IF EXISTS `qrtz_calendars`;
CREATE TABLE `qrtz_calendars`  (
  `SCHED_NAME` varchar(120) CHARACTER SET utf8 COLLATE utf8_general_ci NOT NULL,
  `CALENDAR_NAME` varchar(200) CHARACTER SET utf8 COLLATE utf8_general_ci NOT NULL,
  `CALENDAR` blob NOT NULL,
  PRIMARY KEY (`SCHED_NAME`, `CALENDAR_NAME`) USING BTREE
) ENGINE = InnoDB CHARACTER SET = utf8 COLLATE = utf8_general_ci ROW_FORMAT = Dynamic;

-- ----------------------------
-- Records of qrtz_calendars
-- ----------------------------

-- ----------------------------
-- Table structure for qrtz_cron_triggers
-- ----------------------------
DROP TABLE IF EXISTS `qrtz_cron_triggers`;
CREATE TABLE `qrtz_cron_triggers`  (
  `SCHED_NAME` varchar(120) CHARACTER SET utf8 COLLATE utf8_general_ci NOT NULL,
  `TRIGGER_NAME` varchar(200) CHARACTER SET utf8 COLLATE utf8_general_ci NOT NULL,
  `TRIGGER_GROUP` varchar(200) CHARACTER SET utf8 COLLATE utf8_general_ci NOT NULL,
  `CRON_EXPRESSION` varchar(120) CHARACTER SET utf8 COLLATE utf8_general_ci NOT NULL,
  `TIME_ZONE_ID` varchar(80) CHARACTER SET utf8 COLLATE utf8_general_ci NULL DEFAULT NULL,
  PRIMARY KEY (`SCHED_NAME`, `TRIGGER_NAME`, `TRIGGER_GROUP`) USING BTREE,
  CONSTRAINT `qrtz_cron_triggers_ibfk_1` FOREIGN KEY (`SCHED_NAME`, `TRIGGER_NAME`, `TRIGGER_GROUP`) REFERENCES `qrtz_triggers` (`SCHED_NAME`, `TRIGGER_NAME`, `TRIGGER_GROUP`) ON DELETE RESTRICT ON UPDATE RESTRICT
) ENGINE = InnoDB CHARACTER SET = utf8 COLLATE = utf8_general_ci ROW_FORMAT = Dynamic;

-- ----------------------------
-- Records of qrtz_cron_triggers
-- ----------------------------
INSERT INTO `qrtz_cron_triggers` VALUES ('RenrenScheduler', 'TASK_1', 'DEFAULT', '0 */10 * * * ?', 'Asia/Shanghai');
INSERT INTO `qrtz_cron_triggers` VALUES ('RenrenScheduler', 'TASK_2', 'DEFAULT', '0 */8 * * * ?', 'Asia/Shanghai');

-- ----------------------------
-- Table structure for qrtz_fired_triggers
-- ----------------------------
DROP TABLE IF EXISTS `qrtz_fired_triggers`;
CREATE TABLE `qrtz_fired_triggers`  (
  `SCHED_NAME` varchar(120) CHARACTER SET utf8 COLLATE utf8_general_ci NOT NULL,
  `ENTRY_ID` varchar(95) CHARACTER SET utf8 COLLATE utf8_general_ci NOT NULL,
  `TRIGGER_NAME` varchar(200) CHARACTER SET utf8 COLLATE utf8_general_ci NOT NULL,
  `TRIGGER_GROUP` varchar(200) CHARACTER SET utf8 COLLATE utf8_general_ci NOT NULL,
  `INSTANCE_NAME` varchar(200) CHARACTER SET utf8 COLLATE utf8_general_ci NOT NULL,
  `FIRED_TIME` bigint(13) NOT NULL,
  `SCHED_TIME` bigint(13) NOT NULL,
  `PRIORITY` int(11) NOT NULL,
  `STATE` varchar(16) CHARACTER SET utf8 COLLATE utf8_general_ci NOT NULL,
  `JOB_NAME` varchar(200) CHARACTER SET utf8 COLLATE utf8_general_ci NULL DEFAULT NULL,
  `JOB_GROUP` varchar(200) CHARACTER SET utf8 COLLATE utf8_general_ci NULL DEFAULT NULL,
  `IS_NONCONCURRENT` varchar(1) CHARACTER SET utf8 COLLATE utf8_general_ci NULL DEFAULT NULL,
  `REQUESTS_RECOVERY` varchar(1) CHARACTER SET utf8 COLLATE utf8_general_ci NULL DEFAULT NULL,
  PRIMARY KEY (`SCHED_NAME`, `ENTRY_ID`) USING BTREE,
  INDEX `IDX_QRTZ_FT_TRIG_INST_NAME`(`SCHED_NAME`, `INSTANCE_NAME`) USING BTREE,
  INDEX `IDX_QRTZ_FT_INST_JOB_REQ_RCVRY`(`SCHED_NAME`, `INSTANCE_NAME`, `REQUESTS_RECOVERY`) USING BTREE,
  INDEX `IDX_QRTZ_FT_J_G`(`SCHED_NAME`, `JOB_NAME`, `JOB_GROUP`) USING BTREE,
  INDEX `IDX_QRTZ_FT_JG`(`SCHED_NAME`, `JOB_GROUP`) USING BTREE,
  INDEX `IDX_QRTZ_FT_T_G`(`SCHED_NAME`, `TRIGGER_NAME`, `TRIGGER_GROUP`) USING BTREE,
  INDEX `IDX_QRTZ_FT_TG`(`SCHED_NAME`, `TRIGGER_GROUP`) USING BTREE
) ENGINE = InnoDB CHARACTER SET = utf8 COLLATE = utf8_general_ci ROW_FORMAT = Dynamic;

-- ----------------------------
-- Records of qrtz_fired_triggers
-- ----------------------------
INSERT INTO `qrtz_fired_triggers` VALUES ('RenrenScheduler', 'DESKTOP-C6JPC6P16358215764291635821576341', 'TASK_2', 'DEFAULT', 'DESKTOP-C6JPC6P1635821576429', 1635821760010, 1635821760000, 5, 'EXECUTING', 'TASK_2', 'DEFAULT', '0', '0');

-- ----------------------------
-- Table structure for qrtz_job_details
-- ----------------------------
DROP TABLE IF EXISTS `qrtz_job_details`;
CREATE TABLE `qrtz_job_details`  (
  `SCHED_NAME` varchar(120) CHARACTER SET utf8 COLLATE utf8_general_ci NOT NULL,
  `JOB_NAME` varchar(200) CHARACTER SET utf8 COLLATE utf8_general_ci NOT NULL,
  `JOB_GROUP` varchar(200) CHARACTER SET utf8 COLLATE utf8_general_ci NOT NULL,
  `DESCRIPTION` varchar(250) CHARACTER SET utf8 COLLATE utf8_general_ci NULL DEFAULT NULL,
  `JOB_CLASS_NAME` varchar(250) CHARACTER SET utf8 COLLATE utf8_general_ci NOT NULL,
  `IS_DURABLE` varchar(1) CHARACTER SET utf8 COLLATE utf8_general_ci NOT NULL,
  `IS_NONCONCURRENT` varchar(1) CHARACTER SET utf8 COLLATE utf8_general_ci NOT NULL,
  `IS_UPDATE_DATA` varchar(1) CHARACTER SET utf8 COLLATE utf8_general_ci NOT NULL,
  `REQUESTS_RECOVERY` varchar(1) CHARACTER SET utf8 COLLATE utf8_general_ci NOT NULL,
  `JOB_DATA` blob NULL,
  PRIMARY KEY (`SCHED_NAME`, `JOB_NAME`, `JOB_GROUP`) USING BTREE,
  INDEX `IDX_QRTZ_J_REQ_RECOVERY`(`SCHED_NAME`, `REQUESTS_RECOVERY`) USING BTREE,
  INDEX `IDX_QRTZ_J_GRP`(`SCHED_NAME`, `JOB_GROUP`) USING BTREE
) ENGINE = InnoDB CHARACTER SET = utf8 COLLATE = utf8_general_ci ROW_FORMAT = Dynamic;

-- ----------------------------
-- Records of qrtz_job_details
-- ----------------------------
INSERT INTO `qrtz_job_details` VALUES ('RenrenScheduler', 'TASK_1', 'DEFAULT', NULL, 'com.rhtd.modules.job.utils.ScheduleJob', '0', '0', '0', '0', 0xACED0005737200156F72672E71756172747A2E4A6F62446174614D61709FB083E8BFA9B0CB020000787200266F72672E71756172747A2E7574696C732E537472696E674B65794469727479466C61674D61708208E8C3FBC55D280200015A0013616C6C6F77735472616E7369656E74446174617872001D6F72672E71756172747A2E7574696C732E4469727479466C61674D617013E62EAD28760ACE0200025A000564697274794C00036D617074000F4C6A6176612F7574696C2F4D61703B787001737200116A6176612E7574696C2E486173684D61700507DAC1C31660D103000246000A6C6F6164466163746F724900097468726573686F6C6478703F4000000000000C7708000000100000000174000D4A4F425F504152414D5F4B45597372002D636F6D2E726874642E6D6F64756C65732E6A6F622E656E746974792E5363686564756C654A6F62456E7469747900000000000000010200084C00086265616E4E616D657400124C6A6176612F6C616E672F537472696E673B4C000A63726561746554696D657400104C6A6176612F7574696C2F446174653B4C000E63726F6E45787072657373696F6E71007E00094C00056A6F6249647400104C6A6176612F6C616E672F4C6F6E673B4C000A6D6574686F644E616D6571007E00094C0006706172616D7371007E00094C000672656D61726B71007E00094C00067374617475737400134C6A6176612F6C616E672F496E74656765723B7870740008746573745461736B7372000E6A6176612E7574696C2E44617465686A81014B59741903000078707708000001798CACC01A7874000C302030203132202A202A203F7372000E6A6176612E6C616E672E4C6F6E673B8BE490CC8F23DF0200014A000576616C7565787200106A6176612E6C616E672E4E756D62657286AC951D0B94E08B020000787000000000000000017400137265737453656E6452657175657374496E666F74000071007E0016737200116A6176612E6C616E672E496E746567657212E2A0A4F781873802000149000576616C75657871007E0013000000007800);
INSERT INTO `qrtz_job_details` VALUES ('RenrenScheduler', 'TASK_2', 'DEFAULT', NULL, 'com.rhtd.modules.job.utils.ScheduleJob', '0', '0', '0', '0', 0xACED0005737200156F72672E71756172747A2E4A6F62446174614D61709FB083E8BFA9B0CB020000787200266F72672E71756172747A2E7574696C732E537472696E674B65794469727479466C61674D61708208E8C3FBC55D280200015A0013616C6C6F77735472616E7369656E74446174617872001D6F72672E71756172747A2E7574696C732E4469727479466C61674D617013E62EAD28760ACE0200025A000564697274794C00036D617074000F4C6A6176612F7574696C2F4D61703B787001737200116A6176612E7574696C2E486173684D61700507DAC1C31660D103000246000A6C6F6164466163746F724900097468726573686F6C6478703F4000000000000C7708000000100000000174000D4A4F425F504152414D5F4B45597372002D636F6D2E726874642E6D6F64756C65732E6A6F622E656E746974792E5363686564756C654A6F62456E7469747900000000000000010200084C00086265616E4E616D657400124C6A6176612F6C616E672F537472696E673B4C000A63726561746554696D657400104C6A6176612F7574696C2F446174653B4C000E63726F6E45787072657373696F6E71007E00094C00056A6F6249647400104C6A6176612F6C616E672F4C6F6E673B4C000A6D6574686F644E616D6571007E00094C0006706172616D7371007E00094C000672656D61726B71007E00094C00067374617475737400134C6A6176612F6C616E672F496E74656765723B7870740008746573745461736B7372000E6A6176612E7574696C2E44617465686A81014B59741903000078707708000001798D03CDAC7874000C302030203132202A202A203F7372000E6A6176612E6C616E672E4C6F6E673B8BE490CC8F23DF0200014A000576616C7565787200106A6176612E6C616E672E4E756D62657286AC951D0B94E08B02000078700000000000000002740010676574436162696E657453746174757374000071007E0016737200116A6176612E6C616E672E496E746567657212E2A0A4F781873802000149000576616C75657871007E0013000000007800);

-- ----------------------------
-- Table structure for qrtz_locks
-- ----------------------------
DROP TABLE IF EXISTS `qrtz_locks`;
CREATE TABLE `qrtz_locks`  (
  `SCHED_NAME` varchar(120) CHARACTER SET utf8 COLLATE utf8_general_ci NOT NULL,
  `LOCK_NAME` varchar(40) CHARACTER SET utf8 COLLATE utf8_general_ci NOT NULL,
  PRIMARY KEY (`SCHED_NAME`, `LOCK_NAME`) USING BTREE
) ENGINE = InnoDB CHARACTER SET = utf8 COLLATE = utf8_general_ci ROW_FORMAT = Dynamic;

-- ----------------------------
-- Records of qrtz_locks
-- ----------------------------
INSERT INTO `qrtz_locks` VALUES ('RenrenScheduler', 'STATE_ACCESS');
INSERT INTO `qrtz_locks` VALUES ('RenrenScheduler', 'TRIGGER_ACCESS');

-- ----------------------------
-- Table structure for qrtz_paused_trigger_grps
-- ----------------------------
DROP TABLE IF EXISTS `qrtz_paused_trigger_grps`;
CREATE TABLE `qrtz_paused_trigger_grps`  (
  `SCHED_NAME` varchar(120) CHARACTER SET utf8 COLLATE utf8_general_ci NOT NULL,
  `TRIGGER_GROUP` varchar(200) CHARACTER SET utf8 COLLATE utf8_general_ci NOT NULL,
  PRIMARY KEY (`SCHED_NAME`, `TRIGGER_GROUP`) USING BTREE
) ENGINE = InnoDB CHARACTER SET = utf8 COLLATE = utf8_general_ci ROW_FORMAT = Dynamic;

-- ----------------------------
-- Records of qrtz_paused_trigger_grps
-- ----------------------------

-- ----------------------------
-- Table structure for qrtz_scheduler_state
-- ----------------------------
DROP TABLE IF EXISTS `qrtz_scheduler_state`;
CREATE TABLE `qrtz_scheduler_state`  (
  `SCHED_NAME` varchar(120) CHARACTER SET utf8 COLLATE utf8_general_ci NOT NULL,
  `INSTANCE_NAME` varchar(200) CHARACTER SET utf8 COLLATE utf8_general_ci NOT NULL,
  `LAST_CHECKIN_TIME` bigint(13) NOT NULL,
  `CHECKIN_INTERVAL` bigint(13) NOT NULL,
  PRIMARY KEY (`SCHED_NAME`, `INSTANCE_NAME`) USING BTREE
) ENGINE = InnoDB CHARACTER SET = utf8 COLLATE = utf8_general_ci ROW_FORMAT = Dynamic;

-- ----------------------------
-- Records of qrtz_scheduler_state
-- ----------------------------
INSERT INTO `qrtz_scheduler_state` VALUES ('RenrenScheduler', 'DESKTOP-C6JPC6P1635821576429', 1635821944617, 15000);

-- ----------------------------
-- Table structure for qrtz_simple_triggers
-- ----------------------------
DROP TABLE IF EXISTS `qrtz_simple_triggers`;
CREATE TABLE `qrtz_simple_triggers`  (
  `SCHED_NAME` varchar(120) CHARACTER SET utf8 COLLATE utf8_general_ci NOT NULL,
  `TRIGGER_NAME` varchar(200) CHARACTER SET utf8 COLLATE utf8_general_ci NOT NULL,
  `TRIGGER_GROUP` varchar(200) CHARACTER SET utf8 COLLATE utf8_general_ci NOT NULL,
  `REPEAT_COUNT` bigint(7) NOT NULL,
  `REPEAT_INTERVAL` bigint(12) NOT NULL,
  `TIMES_TRIGGERED` bigint(10) NOT NULL,
  PRIMARY KEY (`SCHED_NAME`, `TRIGGER_NAME`, `TRIGGER_GROUP`) USING BTREE,
  CONSTRAINT `qrtz_simple_triggers_ibfk_1` FOREIGN KEY (`SCHED_NAME`, `TRIGGER_NAME`, `TRIGGER_GROUP`) REFERENCES `qrtz_triggers` (`SCHED_NAME`, `TRIGGER_NAME`, `TRIGGER_GROUP`) ON DELETE RESTRICT ON UPDATE RESTRICT
) ENGINE = InnoDB CHARACTER SET = utf8 COLLATE = utf8_general_ci ROW_FORMAT = Dynamic;

-- ----------------------------
-- Records of qrtz_simple_triggers
-- ----------------------------

-- ----------------------------
-- Table structure for qrtz_simprop_triggers
-- ----------------------------
DROP TABLE IF EXISTS `qrtz_simprop_triggers`;
CREATE TABLE `qrtz_simprop_triggers`  (
  `SCHED_NAME` varchar(120) CHARACTER SET utf8 COLLATE utf8_general_ci NOT NULL,
  `TRIGGER_NAME` varchar(200) CHARACTER SET utf8 COLLATE utf8_general_ci NOT NULL,
  `TRIGGER_GROUP` varchar(200) CHARACTER SET utf8 COLLATE utf8_general_ci NOT NULL,
  `STR_PROP_1` varchar(512) CHARACTER SET utf8 COLLATE utf8_general_ci NULL DEFAULT NULL,
  `STR_PROP_2` varchar(512) CHARACTER SET utf8 COLLATE utf8_general_ci NULL DEFAULT NULL,
  `STR_PROP_3` varchar(512) CHARACTER SET utf8 COLLATE utf8_general_ci NULL DEFAULT NULL,
  `INT_PROP_1` int(11) NULL DEFAULT NULL,
  `INT_PROP_2` int(11) NULL DEFAULT NULL,
  `LONG_PROP_1` bigint(20) NULL DEFAULT NULL,
  `LONG_PROP_2` bigint(20) NULL DEFAULT NULL,
  `DEC_PROP_1` decimal(13, 4) NULL DEFAULT NULL,
  `DEC_PROP_2` decimal(13, 4) NULL DEFAULT NULL,
  `BOOL_PROP_1` varchar(1) CHARACTER SET utf8 COLLATE utf8_general_ci NULL DEFAULT NULL,
  `BOOL_PROP_2` varchar(1) CHARACTER SET utf8 COLLATE utf8_general_ci NULL DEFAULT NULL,
  PRIMARY KEY (`SCHED_NAME`, `TRIGGER_NAME`, `TRIGGER_GROUP`) USING BTREE,
  CONSTRAINT `qrtz_simprop_triggers_ibfk_1` FOREIGN KEY (`SCHED_NAME`, `TRIGGER_NAME`, `TRIGGER_GROUP`) REFERENCES `qrtz_triggers` (`SCHED_NAME`, `TRIGGER_NAME`, `TRIGGER_GROUP`) ON DELETE RESTRICT ON UPDATE RESTRICT
) ENGINE = InnoDB CHARACTER SET = utf8 COLLATE = utf8_general_ci ROW_FORMAT = Dynamic;

-- ----------------------------
-- Records of qrtz_simprop_triggers
-- ----------------------------

-- ----------------------------
-- Table structure for qrtz_triggers
-- ----------------------------
DROP TABLE IF EXISTS `qrtz_triggers`;
CREATE TABLE `qrtz_triggers`  (
  `SCHED_NAME` varchar(120) CHARACTER SET utf8 COLLATE utf8_general_ci NOT NULL,
  `TRIGGER_NAME` varchar(200) CHARACTER SET utf8 COLLATE utf8_general_ci NOT NULL,
  `TRIGGER_GROUP` varchar(200) CHARACTER SET utf8 COLLATE utf8_general_ci NOT NULL,
  `JOB_NAME` varchar(200) CHARACTER SET utf8 COLLATE utf8_general_ci NOT NULL,
  `JOB_GROUP` varchar(200) CHARACTER SET utf8 COLLATE utf8_general_ci NOT NULL,
  `DESCRIPTION` varchar(250) CHARACTER SET utf8 COLLATE utf8_general_ci NULL DEFAULT NULL,
  `NEXT_FIRE_TIME` bigint(13) NULL DEFAULT NULL,
  `PREV_FIRE_TIME` bigint(13) NULL DEFAULT NULL,
  `PRIORITY` int(11) NULL DEFAULT NULL,
  `TRIGGER_STATE` varchar(16) CHARACTER SET utf8 COLLATE utf8_general_ci NOT NULL,
  `TRIGGER_TYPE` varchar(8) CHARACTER SET utf8 COLLATE utf8_general_ci NOT NULL,
  `START_TIME` bigint(13) NOT NULL,
  `END_TIME` bigint(13) NULL DEFAULT NULL,
  `CALENDAR_NAME` varchar(200) CHARACTER SET utf8 COLLATE utf8_general_ci NULL DEFAULT NULL,
  `MISFIRE_INSTR` smallint(2) NULL DEFAULT NULL,
  `JOB_DATA` blob NULL,
  PRIMARY KEY (`SCHED_NAME`, `TRIGGER_NAME`, `TRIGGER_GROUP`) USING BTREE,
  INDEX `IDX_QRTZ_T_J`(`SCHED_NAME`, `JOB_NAME`, `JOB_GROUP`) USING BTREE,
  INDEX `IDX_QRTZ_T_JG`(`SCHED_NAME`, `JOB_GROUP`) USING BTREE,
  INDEX `IDX_QRTZ_T_C`(`SCHED_NAME`, `CALENDAR_NAME`) USING BTREE,
  INDEX `IDX_QRTZ_T_G`(`SCHED_NAME`, `TRIGGER_GROUP`) USING BTREE,
  INDEX `IDX_QRTZ_T_STATE`(`SCHED_NAME`, `TRIGGER_STATE`) USING BTREE,
  INDEX `IDX_QRTZ_T_N_STATE`(`SCHED_NAME`, `TRIGGER_NAME`, `TRIGGER_GROUP`, `TRIGGER_STATE`) USING BTREE,
  INDEX `IDX_QRTZ_T_N_G_STATE`(`SCHED_NAME`, `TRIGGER_GROUP`, `TRIGGER_STATE`) USING BTREE,
  INDEX `IDX_QRTZ_T_NEXT_FIRE_TIME`(`SCHED_NAME`, `NEXT_FIRE_TIME`) USING BTREE,
  INDEX `IDX_QRTZ_T_NFT_ST`(`SCHED_NAME`, `TRIGGER_STATE`, `NEXT_FIRE_TIME`) USING BTREE,
  INDEX `IDX_QRTZ_T_NFT_MISFIRE`(`SCHED_NAME`, `MISFIRE_INSTR`, `NEXT_FIRE_TIME`) USING BTREE,
  INDEX `IDX_QRTZ_T_NFT_ST_MISFIRE`(`SCHED_NAME`, `MISFIRE_INSTR`, `NEXT_FIRE_TIME`, `TRIGGER_STATE`) USING BTREE,
  INDEX `IDX_QRTZ_T_NFT_ST_MISFIRE_GRP`(`SCHED_NAME`, `MISFIRE_INSTR`, `NEXT_FIRE_TIME`, `TRIGGER_GROUP`, `TRIGGER_STATE`) USING BTREE,
  CONSTRAINT `qrtz_triggers_ibfk_1` FOREIGN KEY (`SCHED_NAME`, `JOB_NAME`, `JOB_GROUP`) REFERENCES `qrtz_job_details` (`SCHED_NAME`, `JOB_NAME`, `JOB_GROUP`) ON DELETE RESTRICT ON UPDATE RESTRICT
) ENGINE = InnoDB CHARACTER SET = utf8 COLLATE = utf8_general_ci ROW_FORMAT = Dynamic;

-- ----------------------------
-- Records of qrtz_triggers
-- ----------------------------
INSERT INTO `qrtz_triggers` VALUES ('RenrenScheduler', 'TASK_1', 'DEFAULT', 'TASK_1', 'DEFAULT', NULL, 1635822000000, -1, 5, 'WAITING', 'CRON', 1621562802000, 0, NULL, 2, 0xACED0005737200156F72672E71756172747A2E4A6F62446174614D61709FB083E8BFA9B0CB020000787200266F72672E71756172747A2E7574696C732E537472696E674B65794469727479466C61674D61708208E8C3FBC55D280200015A0013616C6C6F77735472616E7369656E74446174617872001D6F72672E71756172747A2E7574696C732E4469727479466C61674D617013E62EAD28760ACE0200025A000564697274794C00036D617074000F4C6A6176612F7574696C2F4D61703B787001737200116A6176612E7574696C2E486173684D61700507DAC1C31660D103000246000A6C6F6164466163746F724900097468726573686F6C6478703F4000000000000C7708000000100000000174000D4A4F425F504152414D5F4B45597372002D636F6D2E726874642E6D6F64756C65732E6A6F622E656E746974792E5363686564756C654A6F62456E7469747900000000000000010200084C00086265616E4E616D657400124C6A6176612F6C616E672F537472696E673B4C000A63726561746554696D657400104C6A6176612F7574696C2F446174653B4C000E63726F6E45787072657373696F6E71007E00094C00056A6F6249647400104C6A6176612F6C616E672F4C6F6E673B4C000A6D6574686F644E616D6571007E00094C0006706172616D7371007E00094C000672656D61726B71007E00094C00067374617475737400134C6A6176612F6C616E672F496E74656765723B7870740008746573745461736B7372000E6A6176612E7574696C2E44617465686A81014B59741903000078707708000001798CACBF507874000E30202A2F3130202A202A202A203F7372000E6A6176612E6C616E672E4C6F6E673B8BE490CC8F23DF0200014A000576616C7565787200106A6176612E6C616E672E4E756D62657286AC951D0B94E08B020000787000000000000000017400137265737453656E6452657175657374496E666F70740033E6AF8FE58D81E58886E9929FE58F91E98081E4B880E6ACA1E4B88AE98081E5A4B1E8B4A5E79A84E68EA5E58FA3E4BFA1E681AF737200116A6176612E6C616E672E496E746567657212E2A0A4F781873802000149000576616C75657871007E0013000000007800);
INSERT INTO `qrtz_triggers` VALUES ('RenrenScheduler', 'TASK_2', 'DEFAULT', 'TASK_2', 'DEFAULT', NULL, 1635822000000, 1635821760000, 5, 'WAITING', 'CRON', 1621568507000, 0, NULL, 2, 0xACED0005737200156F72672E71756172747A2E4A6F62446174614D61709FB083E8BFA9B0CB020000787200266F72672E71756172747A2E7574696C732E537472696E674B65794469727479466C61674D61708208E8C3FBC55D280200015A0013616C6C6F77735472616E7369656E74446174617872001D6F72672E71756172747A2E7574696C732E4469727479466C61674D617013E62EAD28760ACE0200025A000564697274794C00036D617074000F4C6A6176612F7574696C2F4D61703B787001737200116A6176612E7574696C2E486173684D61700507DAC1C31660D103000246000A6C6F6164466163746F724900097468726573686F6C6478703F4000000000000C7708000000100000000174000D4A4F425F504152414D5F4B45597372002D636F6D2E726874642E6D6F64756C65732E6A6F622E656E746974792E5363686564756C654A6F62456E7469747900000000000000010200084C00086265616E4E616D657400124C6A6176612F6C616E672F537472696E673B4C000A63726561746554696D657400104C6A6176612F7574696C2F446174653B4C000E63726F6E45787072657373696F6E71007E00094C00056A6F6249647400104C6A6176612F6C616E672F4C6F6E673B4C000A6D6574686F644E616D6571007E00094C0006706172616D7371007E00094C000672656D61726B71007E00094C00067374617475737400134C6A6176612F6C616E672F496E74656765723B7870740008746573745461736B7372000E6A6176612E7574696C2E44617465686A81014B59741903000078707708000001798D03CC787874000D30202A2F38202A202A202A203F7372000E6A6176612E6C616E672E4C6F6E673B8BE490CC8F23DF0200014A000576616C7565787200106A6176612E6C616E672E4E756D62657286AC951D0B94E08B02000078700000000000000002740010676574436162696E65745374617475737074002AE6AF8FE585ABE58886E9929FE4B88AE4BCA0E4B880E6ACA1E7A6BBE7BABFE69F9CE5AD90E4BFA1E681AF737200116A6176612E6C616E672E496E746567657212E2A0A4F781873802000149000576616C75657871007E0013000000007800);

-- ----------------------------
-- Table structure for schedule_job
-- ----------------------------
DROP TABLE IF EXISTS `schedule_job`;
CREATE TABLE `schedule_job`  (
  `job_id` bigint(20) NOT NULL AUTO_INCREMENT COMMENT '任务id',
  `bean_name` varchar(200) CHARACTER SET utf8 COLLATE utf8_general_ci NULL DEFAULT NULL COMMENT 'spring bean名称',
  `method_name` varchar(100) CHARACTER SET utf8 COLLATE utf8_general_ci NULL DEFAULT NULL COMMENT '方法名',
  `params` varchar(2000) CHARACTER SET utf8 COLLATE utf8_general_ci NULL DEFAULT NULL COMMENT '参数',
  `cron_expression` varchar(100) CHARACTER SET utf8 COLLATE utf8_general_ci NULL DEFAULT NULL COMMENT 'cron表达式',
  `status` tinyint(4) NULL DEFAULT NULL COMMENT '任务状态  0：正常  1：暂停',
  `remark` varchar(255) CHARACTER SET utf8 COLLATE utf8_general_ci NULL DEFAULT NULL COMMENT '备注',
  `create_time` datetime(0) NULL DEFAULT NULL COMMENT '创建时间',
  PRIMARY KEY (`job_id`) USING BTREE
) ENGINE = InnoDB AUTO_INCREMENT = 3 CHARACTER SET = utf8 COLLATE = utf8_general_ci COMMENT = '定时任务' ROW_FORMAT = Dynamic;

-- ----------------------------
-- Records of schedule_job
-- ----------------------------
INSERT INTO `schedule_job` VALUES (1, 'testTask', 'restSendRequestInfo', NULL, '0 */10 * * * ?', 0, '每十分钟发送一次上送失败的接口信息', '2021-05-21 10:06:42');
INSERT INTO `schedule_job` VALUES (2, 'testTask', 'getCabinetStatus', NULL, '0 */8 * * * ?', 0, '每八分钟上传一次离线柜子信息', '2021-05-21 11:41:47');

-- ----------------------------
-- Table structure for schedule_job_log
-- ----------------------------
DROP TABLE IF EXISTS `schedule_job_log`;
CREATE TABLE `schedule_job_log`  (
  `log_id` bigint(20) NOT NULL AUTO_INCREMENT COMMENT '任务日志id',
  `job_id` bigint(20) NOT NULL COMMENT '任务id',
  `bean_name` varchar(200) CHARACTER SET utf8 COLLATE utf8_general_ci NULL DEFAULT NULL COMMENT 'spring bean名称',
  `method_name` varchar(100) CHARACTER SET utf8 COLLATE utf8_general_ci NULL DEFAULT NULL COMMENT '方法名',
  `params` varchar(2000) CHARACTER SET utf8 COLLATE utf8_general_ci NULL DEFAULT NULL COMMENT '参数',
  `status` tinyint(4) NOT NULL COMMENT '任务状态    0：成功    1：失败',
  `error` varchar(2000) CHARACTER SET utf8 COLLATE utf8_general_ci NULL DEFAULT NULL COMMENT '失败信息',
  `times` int(11) NOT NULL COMMENT '耗时(单位：毫秒)',
  `create_time` datetime(0) NULL DEFAULT NULL COMMENT '创建时间',
  PRIMARY KEY (`log_id`) USING BTREE,
  INDEX `job_id`(`job_id`) USING BTREE
) ENGINE = InnoDB AUTO_INCREMENT = 1168 CHARACTER SET = utf8 COLLATE = utf8_general_ci COMMENT = '定时任务日志' ROW_FORMAT = Dynamic;

-- ----------------------------
-- Records of schedule_job_log
-- ----------------------------
INSERT INTO `schedule_job_log` VALUES (1, 1, 'testTask', 'restSendRequestInfo', NULL, 0, NULL, 90206, '2021-05-21 10:08:42');
INSERT INTO `schedule_job_log` VALUES (2, 1, 'testTask', 'restSendRequestInfo', NULL, 0, NULL, 264, '2021-05-21 10:16:22');
INSERT INTO `schedule_job_log` VALUES (3, 1, 'testTask', 'restSendRequestInfo', NULL, 0, NULL, 253, '2021-05-21 10:16:50');
INSERT INTO `schedule_job_log` VALUES (4, 1, 'testTask', 'restSendRequestInfo', NULL, 0, NULL, 397, '2021-05-21 10:30:48');
INSERT INTO `schedule_job_log` VALUES (5, 2, 'testTask', 'getCabinetStatus', NULL, 0, NULL, 16001, '2021-05-21 12:03:41');
INSERT INTO `schedule_job_log` VALUES (6, 2, 'testTask', 'getCabinetStatus', NULL, 0, NULL, 53283, '2021-05-21 12:05:02');
INSERT INTO `schedule_job_log` VALUES (7, 2, 'testTask', 'getCabinetStatus', NULL, 0, NULL, 9190, '2021-05-21 12:09:53');
INSERT INTO `schedule_job_log` VALUES (8, 2, 'testTask', 'getCabinetStatus', NULL, 0, NULL, 6176, '2021-05-21 12:12:15');
INSERT INTO `schedule_job_log` VALUES (9, 2, 'testTask', 'getCabinetStatus', NULL, 0, NULL, 24294, '2021-05-21 15:18:14');
INSERT INTO `schedule_job_log` VALUES (10, 2, 'testTask', 'getCabinetStatus', NULL, 0, NULL, 22676, '2021-05-21 15:20:45');
INSERT INTO `schedule_job_log` VALUES (11, 2, 'testTask', 'getCabinetStatus', NULL, 0, NULL, 13476, '2021-05-21 15:30:20');
INSERT INTO `schedule_job_log` VALUES (12, 2, 'testTask', 'getCabinetStatus', NULL, 1, 'java.util.concurrent.ExecutionException: com.rhtd.common.exception.RRException: 执行定时任务失败', 13300, '2021-05-21 15:31:38');
INSERT INTO `schedule_job_log` VALUES (13, 2, 'testTask', 'getCabinetStatus', NULL, 0, NULL, 14405, '2021-05-21 16:56:00');
INSERT INTO `schedule_job_log` VALUES (14, 1, 'testTask', 'restSendRequestInfo', NULL, 0, NULL, 412, '2021-05-21 17:00:00');
INSERT INTO `schedule_job_log` VALUES (15, 2, 'testTask', 'getCabinetStatus', NULL, 0, NULL, 13634, '2021-05-21 17:00:00');
INSERT INTO `schedule_job_log` VALUES (16, 2, 'testTask', 'getCabinetStatus', NULL, 0, NULL, 13669, '2021-05-21 17:08:00');
INSERT INTO `schedule_job_log` VALUES (17, 1, 'testTask', 'restSendRequestInfo', NULL, 0, NULL, 2, '2021-05-21 17:10:00');
INSERT INTO `schedule_job_log` VALUES (18, 2, 'testTask', 'getCabinetStatus', NULL, 0, NULL, 13689, '2021-05-21 17:16:00');
INSERT INTO `schedule_job_log` VALUES (19, 1, 'testTask', 'restSendRequestInfo', NULL, 0, NULL, 3, '2021-05-21 17:20:00');
INSERT INTO `schedule_job_log` VALUES (20, 2, 'testTask', 'getCabinetStatus', NULL, 0, NULL, 13708, '2021-05-21 17:24:00');
INSERT INTO `schedule_job_log` VALUES (21, 1, 'testTask', 'restSendRequestInfo', NULL, 0, NULL, 2, '2021-05-21 17:30:00');
INSERT INTO `schedule_job_log` VALUES (22, 2, 'testTask', 'getCabinetStatus', NULL, 0, NULL, 13679, '2021-05-21 17:32:00');
INSERT INTO `schedule_job_log` VALUES (23, 1, 'testTask', 'restSendRequestInfo', NULL, 0, NULL, 3, '2021-05-21 17:40:00');
INSERT INTO `schedule_job_log` VALUES (24, 2, 'testTask', 'getCabinetStatus', NULL, 0, NULL, 13649, '2021-05-21 17:40:00');
INSERT INTO `schedule_job_log` VALUES (25, 2, 'testTask', 'getCabinetStatus', NULL, 0, NULL, 13654, '2021-05-21 17:48:00');
INSERT INTO `schedule_job_log` VALUES (26, 1, 'testTask', 'restSendRequestInfo', NULL, 0, NULL, 2, '2021-05-21 17:50:00');
INSERT INTO `schedule_job_log` VALUES (27, 2, 'testTask', 'getCabinetStatus', NULL, 0, NULL, 13641, '2021-05-21 17:56:00');
INSERT INTO `schedule_job_log` VALUES (28, 1, 'testTask', 'restSendRequestInfo', NULL, 0, NULL, 3, '2021-05-21 18:00:00');
INSERT INTO `schedule_job_log` VALUES (29, 2, 'testTask', 'getCabinetStatus', NULL, 0, NULL, 13643, '2021-05-21 18:00:00');
INSERT INTO `schedule_job_log` VALUES (30, 2, 'testTask', 'getCabinetStatus', NULL, 0, NULL, 15289, '2021-05-21 19:08:00');
INSERT INTO `schedule_job_log` VALUES (31, 1, 'testTask', 'restSendRequestInfo', NULL, 0, NULL, 21, '2021-05-21 19:10:00');
INSERT INTO `schedule_job_log` VALUES (32, 2, 'testTask', 'getCabinetStatus', NULL, 0, NULL, 13752, '2021-05-21 19:16:00');
INSERT INTO `schedule_job_log` VALUES (33, 2, 'testTask', 'getCabinetStatus', NULL, 0, NULL, 42409, '2021-07-24 13:48:00');
INSERT INTO `schedule_job_log` VALUES (34, 1, 'testTask', 'restSendRequestInfo', NULL, 0, NULL, 25, '2021-07-24 13:50:00');
INSERT INTO `schedule_job_log` VALUES (35, 2, 'testTask', 'getCabinetStatus', NULL, 0, NULL, 41872, '2021-07-24 13:56:00');
INSERT INTO `schedule_job_log` VALUES (36, 1, 'testTask', 'restSendRequestInfo', NULL, 0, NULL, 9, '2021-07-24 14:00:00');
INSERT INTO `schedule_job_log` VALUES (37, 2, 'testTask', 'getCabinetStatus', NULL, 0, NULL, 41909, '2021-07-24 14:00:00');
INSERT INTO `schedule_job_log` VALUES (38, 2, 'testTask', 'getCabinetStatus', NULL, 0, NULL, 42253, '2021-07-24 14:08:00');
INSERT INTO `schedule_job_log` VALUES (39, 1, 'testTask', 'restSendRequestInfo', NULL, 0, NULL, 3, '2021-07-24 14:10:00');
INSERT INTO `schedule_job_log` VALUES (40, 2, 'testTask', 'getCabinetStatus', NULL, 0, NULL, 42503, '2021-07-24 14:16:00');
INSERT INTO `schedule_job_log` VALUES (41, 1, 'testTask', 'restSendRequestInfo', NULL, 0, NULL, 3, '2021-07-24 14:20:00');
INSERT INTO `schedule_job_log` VALUES (42, 2, 'testTask', 'getCabinetStatus', NULL, 0, NULL, 42293, '2021-07-24 14:24:00');
INSERT INTO `schedule_job_log` VALUES (43, 1, 'testTask', 'restSendRequestInfo', NULL, 0, NULL, 3, '2021-07-24 14:30:00');
INSERT INTO `schedule_job_log` VALUES (44, 2, 'testTask', 'getCabinetStatus', NULL, 0, NULL, 42245, '2021-07-24 14:32:00');
INSERT INTO `schedule_job_log` VALUES (45, 1, 'testTask', 'restSendRequestInfo', NULL, 0, NULL, 3, '2021-07-24 14:40:00');
INSERT INTO `schedule_job_log` VALUES (46, 2, 'testTask', 'getCabinetStatus', NULL, 0, NULL, 55104, '2021-07-24 14:40:00');
INSERT INTO `schedule_job_log` VALUES (47, 2, 'testTask', 'getCabinetStatus', NULL, 0, NULL, 42295, '2021-07-24 14:48:00');
INSERT INTO `schedule_job_log` VALUES (48, 1, 'testTask', 'restSendRequestInfo', NULL, 0, NULL, 1, '2021-07-24 14:50:00');
INSERT INTO `schedule_job_log` VALUES (49, 2, 'testTask', 'getCabinetStatus', NULL, 0, NULL, 42263, '2021-07-24 14:56:00');
INSERT INTO `schedule_job_log` VALUES (50, 1, 'testTask', 'restSendRequestInfo', NULL, 0, NULL, 1, '2021-07-24 15:00:00');
INSERT INTO `schedule_job_log` VALUES (51, 2, 'testTask', 'getCabinetStatus', NULL, 0, NULL, 42285, '2021-07-24 15:00:00');
INSERT INTO `schedule_job_log` VALUES (52, 2, 'testTask', 'getCabinetStatus', NULL, 0, NULL, 42258, '2021-07-24 15:08:00');
INSERT INTO `schedule_job_log` VALUES (53, 1, 'testTask', 'restSendRequestInfo', NULL, 0, NULL, 2, '2021-07-24 15:10:00');
INSERT INTO `schedule_job_log` VALUES (54, 2, 'testTask', 'getCabinetStatus', NULL, 0, NULL, 42242, '2021-07-24 15:16:00');
INSERT INTO `schedule_job_log` VALUES (55, 1, 'testTask', 'restSendRequestInfo', NULL, 0, NULL, 3, '2021-07-24 15:20:00');
INSERT INTO `schedule_job_log` VALUES (56, 2, 'testTask', 'getCabinetStatus', NULL, 0, NULL, 42257, '2021-07-24 15:24:00');
INSERT INTO `schedule_job_log` VALUES (57, 1, 'testTask', 'restSendRequestInfo', NULL, 0, NULL, 1, '2021-07-24 15:30:00');
INSERT INTO `schedule_job_log` VALUES (58, 2, 'testTask', 'getCabinetStatus', NULL, 0, NULL, 42246, '2021-07-24 15:32:00');
INSERT INTO `schedule_job_log` VALUES (59, 1, 'testTask', 'restSendRequestInfo', NULL, 0, NULL, 3, '2021-07-24 15:40:00');
INSERT INTO `schedule_job_log` VALUES (60, 2, 'testTask', 'getCabinetStatus', NULL, 0, NULL, 48250, '2021-07-24 15:40:00');
INSERT INTO `schedule_job_log` VALUES (61, 2, 'testTask', 'getCabinetStatus', NULL, 0, NULL, 42226, '2021-07-24 15:48:00');
INSERT INTO `schedule_job_log` VALUES (62, 1, 'testTask', 'restSendRequestInfo', NULL, 0, NULL, 2, '2021-07-24 15:50:00');
INSERT INTO `schedule_job_log` VALUES (63, 2, 'testTask', 'getCabinetStatus', NULL, 0, NULL, 42224, '2021-07-24 15:56:00');
INSERT INTO `schedule_job_log` VALUES (64, 1, 'testTask', 'restSendRequestInfo', NULL, 0, NULL, 2, '2021-07-24 16:00:00');
INSERT INTO `schedule_job_log` VALUES (65, 2, 'testTask', 'getCabinetStatus', NULL, 0, NULL, 42258, '2021-07-24 16:00:00');
INSERT INTO `schedule_job_log` VALUES (66, 2, 'testTask', 'getCabinetStatus', NULL, 0, NULL, 42257, '2021-07-24 16:08:00');
INSERT INTO `schedule_job_log` VALUES (67, 1, 'testTask', 'restSendRequestInfo', NULL, 0, NULL, 2, '2021-07-24 16:10:00');
INSERT INTO `schedule_job_log` VALUES (68, 2, 'testTask', 'getCabinetStatus', NULL, 0, NULL, 42315, '2021-07-24 16:16:00');
INSERT INTO `schedule_job_log` VALUES (69, 1, 'testTask', 'restSendRequestInfo', NULL, 0, NULL, 3, '2021-07-24 16:20:00');
INSERT INTO `schedule_job_log` VALUES (70, 2, 'testTask', 'getCabinetStatus', NULL, 0, NULL, 42261, '2021-07-24 16:24:00');
INSERT INTO `schedule_job_log` VALUES (71, 1, 'testTask', 'restSendRequestInfo', NULL, 0, NULL, 3, '2021-07-24 16:30:00');
INSERT INTO `schedule_job_log` VALUES (72, 2, 'testTask', 'getCabinetStatus', NULL, 0, NULL, 42287, '2021-07-24 16:32:00');
INSERT INTO `schedule_job_log` VALUES (73, 1, 'testTask', 'restSendRequestInfo', NULL, 0, NULL, 3, '2021-07-24 16:40:00');
INSERT INTO `schedule_job_log` VALUES (74, 2, 'testTask', 'getCabinetStatus', NULL, 0, NULL, 42289, '2021-07-24 16:40:00');
INSERT INTO `schedule_job_log` VALUES (75, 2, 'testTask', 'getCabinetStatus', NULL, 0, NULL, 42343, '2021-07-24 16:48:00');
INSERT INTO `schedule_job_log` VALUES (76, 1, 'testTask', 'restSendRequestInfo', NULL, 0, NULL, 3, '2021-07-24 16:50:00');
INSERT INTO `schedule_job_log` VALUES (77, 2, 'testTask', 'getCabinetStatus', NULL, 0, NULL, 42266, '2021-07-24 16:56:00');
INSERT INTO `schedule_job_log` VALUES (78, 1, 'testTask', 'restSendRequestInfo', NULL, 0, NULL, 2, '2021-07-24 17:00:00');
INSERT INTO `schedule_job_log` VALUES (79, 2, 'testTask', 'getCabinetStatus', NULL, 0, NULL, 42280, '2021-07-24 17:00:00');
INSERT INTO `schedule_job_log` VALUES (80, 2, 'testTask', 'getCabinetStatus', NULL, 0, NULL, 42315, '2021-07-24 17:08:00');
INSERT INTO `schedule_job_log` VALUES (81, 1, 'testTask', 'restSendRequestInfo', NULL, 0, NULL, 2, '2021-07-24 17:10:00');
INSERT INTO `schedule_job_log` VALUES (82, 2, 'testTask', 'getCabinetStatus', NULL, 0, NULL, 42531, '2021-07-27 19:48:00');
INSERT INTO `schedule_job_log` VALUES (83, 1, 'testTask', 'restSendRequestInfo', NULL, 0, NULL, 23, '2021-07-27 19:50:07');
INSERT INTO `schedule_job_log` VALUES (84, 2, 'testTask', 'getCabinetStatus', NULL, 0, NULL, 45423, '2021-07-27 19:56:00');
INSERT INTO `schedule_job_log` VALUES (85, 1, 'testTask', 'restSendRequestInfo', NULL, 0, NULL, 4, '2021-07-27 20:00:00');
INSERT INTO `schedule_job_log` VALUES (86, 2, 'testTask', 'getCabinetStatus', NULL, 0, NULL, 44924, '2021-07-27 20:00:00');
INSERT INTO `schedule_job_log` VALUES (87, 2, 'testTask', 'getCabinetStatus', NULL, 0, NULL, 45357, '2021-07-27 20:08:00');
INSERT INTO `schedule_job_log` VALUES (88, 1, 'testTask', 'restSendRequestInfo', NULL, 0, NULL, 3, '2021-07-27 20:10:00');
INSERT INTO `schedule_job_log` VALUES (89, 2, 'testTask', 'getCabinetStatus', NULL, 0, NULL, 45333, '2021-07-27 20:16:00');
INSERT INTO `schedule_job_log` VALUES (90, 1, 'testTask', 'restSendRequestInfo', NULL, 0, NULL, 4, '2021-07-27 20:20:00');
INSERT INTO `schedule_job_log` VALUES (91, 2, 'testTask', 'getCabinetStatus', NULL, 0, NULL, 45340, '2021-07-27 20:24:00');
INSERT INTO `schedule_job_log` VALUES (92, 1, 'testTask', 'restSendRequestInfo', NULL, 0, NULL, 4, '2021-07-27 20:30:00');
INSERT INTO `schedule_job_log` VALUES (93, 2, 'testTask', 'getCabinetStatus', NULL, 0, NULL, 45383, '2021-07-27 20:32:00');
INSERT INTO `schedule_job_log` VALUES (94, 1, 'testTask', 'restSendRequestInfo', NULL, 0, NULL, 5, '2021-07-27 20:40:00');
INSERT INTO `schedule_job_log` VALUES (95, 2, 'testTask', 'getCabinetStatus', NULL, 0, NULL, 45351, '2021-07-27 20:40:00');
INSERT INTO `schedule_job_log` VALUES (96, 2, 'testTask', 'getCabinetStatus', NULL, 0, NULL, 45391, '2021-07-27 20:48:00');
INSERT INTO `schedule_job_log` VALUES (97, 1, 'testTask', 'restSendRequestInfo', NULL, 0, NULL, 4, '2021-07-27 20:50:00');
INSERT INTO `schedule_job_log` VALUES (98, 2, 'testTask', 'getCabinetStatus', NULL, 0, NULL, 45403, '2021-07-27 20:56:00');
INSERT INTO `schedule_job_log` VALUES (99, 1, 'testTask', 'restSendRequestInfo', NULL, 0, NULL, 3, '2021-07-27 21:00:00');
INSERT INTO `schedule_job_log` VALUES (100, 2, 'testTask', 'getCabinetStatus', NULL, 0, NULL, 45414, '2021-07-27 21:00:00');
INSERT INTO `schedule_job_log` VALUES (101, 2, 'testTask', 'getCabinetStatus', NULL, 0, NULL, 45422, '2021-07-27 21:08:00');
INSERT INTO `schedule_job_log` VALUES (102, 1, 'testTask', 'restSendRequestInfo', NULL, 0, NULL, 3, '2021-07-27 21:10:00');
INSERT INTO `schedule_job_log` VALUES (103, 2, 'testTask', 'getCabinetStatus', NULL, 0, NULL, 45384, '2021-07-27 21:16:00');
INSERT INTO `schedule_job_log` VALUES (104, 1, 'testTask', 'restSendRequestInfo', NULL, 0, NULL, 2, '2021-07-27 21:20:00');
INSERT INTO `schedule_job_log` VALUES (105, 2, 'testTask', 'getCabinetStatus', NULL, 0, NULL, 45399, '2021-07-27 21:24:00');
INSERT INTO `schedule_job_log` VALUES (106, 1, 'testTask', 'restSendRequestInfo', NULL, 0, NULL, 3, '2021-07-27 21:30:00');
INSERT INTO `schedule_job_log` VALUES (107, 2, 'testTask', 'getCabinetStatus', NULL, 0, NULL, 45384, '2021-07-27 21:32:00');
INSERT INTO `schedule_job_log` VALUES (108, 1, 'testTask', 'restSendRequestInfo', NULL, 0, NULL, 4, '2021-07-27 21:40:00');
INSERT INTO `schedule_job_log` VALUES (109, 2, 'testTask', 'getCabinetStatus', NULL, 0, NULL, 45422, '2021-07-27 21:40:00');
INSERT INTO `schedule_job_log` VALUES (110, 2, 'testTask', 'getCabinetStatus', NULL, 0, NULL, 45365, '2021-07-27 21:48:00');
INSERT INTO `schedule_job_log` VALUES (111, 1, 'testTask', 'restSendRequestInfo', NULL, 0, NULL, 3, '2021-07-27 21:50:00');
INSERT INTO `schedule_job_log` VALUES (112, 2, 'testTask', 'getCabinetStatus', NULL, 0, NULL, 45399, '2021-07-27 21:56:00');
INSERT INTO `schedule_job_log` VALUES (113, 1, 'testTask', 'restSendRequestInfo', NULL, 0, NULL, 4, '2021-07-27 22:00:00');
INSERT INTO `schedule_job_log` VALUES (114, 2, 'testTask', 'getCabinetStatus', NULL, 0, NULL, 45349, '2021-07-27 22:00:00');
INSERT INTO `schedule_job_log` VALUES (115, 2, 'testTask', 'getCabinetStatus', NULL, 0, NULL, 45345, '2021-07-27 22:08:00');
INSERT INTO `schedule_job_log` VALUES (116, 1, 'testTask', 'restSendRequestInfo', NULL, 0, NULL, 3, '2021-07-27 22:10:00');
INSERT INTO `schedule_job_log` VALUES (117, 2, 'testTask', 'getCabinetStatus', NULL, 0, NULL, 45359, '2021-07-27 22:16:00');
INSERT INTO `schedule_job_log` VALUES (118, 1, 'testTask', 'restSendRequestInfo', NULL, 0, NULL, 4, '2021-07-27 22:20:00');
INSERT INTO `schedule_job_log` VALUES (119, 2, 'testTask', 'getCabinetStatus', NULL, 0, NULL, 45356, '2021-07-27 22:24:00');
INSERT INTO `schedule_job_log` VALUES (120, 1, 'testTask', 'restSendRequestInfo', NULL, 0, NULL, 3, '2021-07-27 22:30:00');
INSERT INTO `schedule_job_log` VALUES (121, 2, 'testTask', 'getCabinetStatus', NULL, 0, NULL, 45399, '2021-07-27 22:32:00');
INSERT INTO `schedule_job_log` VALUES (122, 1, 'testTask', 'restSendRequestInfo', NULL, 0, NULL, 3, '2021-07-27 22:40:00');
INSERT INTO `schedule_job_log` VALUES (123, 2, 'testTask', 'getCabinetStatus', NULL, 0, NULL, 45385, '2021-07-27 22:40:00');
INSERT INTO `schedule_job_log` VALUES (124, 2, 'testTask', 'getCabinetStatus', NULL, 0, NULL, 45348, '2021-07-27 22:48:00');
INSERT INTO `schedule_job_log` VALUES (125, 1, 'testTask', 'restSendRequestInfo', NULL, 0, NULL, 3, '2021-07-27 22:50:00');
INSERT INTO `schedule_job_log` VALUES (126, 2, 'testTask', 'getCabinetStatus', NULL, 0, NULL, 45350, '2021-07-27 22:56:00');
INSERT INTO `schedule_job_log` VALUES (127, 1, 'testTask', 'restSendRequestInfo', NULL, 0, NULL, 3, '2021-07-27 23:00:00');
INSERT INTO `schedule_job_log` VALUES (128, 2, 'testTask', 'getCabinetStatus', NULL, 0, NULL, 45317, '2021-07-27 23:00:00');
INSERT INTO `schedule_job_log` VALUES (129, 2, 'testTask', 'getCabinetStatus', NULL, 0, NULL, 45347, '2021-07-27 23:08:00');
INSERT INTO `schedule_job_log` VALUES (130, 1, 'testTask', 'restSendRequestInfo', NULL, 0, NULL, 3, '2021-07-27 23:10:00');
INSERT INTO `schedule_job_log` VALUES (131, 2, 'testTask', 'getCabinetStatus', NULL, 0, NULL, 45285, '2021-07-27 23:16:00');
INSERT INTO `schedule_job_log` VALUES (132, 1, 'testTask', 'restSendRequestInfo', NULL, 0, NULL, 3, '2021-07-27 23:20:00');
INSERT INTO `schedule_job_log` VALUES (133, 2, 'testTask', 'getCabinetStatus', NULL, 0, NULL, 45352, '2021-07-27 23:24:00');
INSERT INTO `schedule_job_log` VALUES (134, 1, 'testTask', 'restSendRequestInfo', NULL, 0, NULL, 3, '2021-07-27 23:30:00');
INSERT INTO `schedule_job_log` VALUES (135, 2, 'testTask', 'getCabinetStatus', NULL, 0, NULL, 45370, '2021-07-27 23:32:00');
INSERT INTO `schedule_job_log` VALUES (136, 1, 'testTask', 'restSendRequestInfo', NULL, 0, NULL, 3, '2021-07-27 23:40:00');
INSERT INTO `schedule_job_log` VALUES (137, 2, 'testTask', 'getCabinetStatus', NULL, 0, NULL, 45408, '2021-07-27 23:40:00');
INSERT INTO `schedule_job_log` VALUES (138, 2, 'testTask', 'getCabinetStatus', NULL, 0, NULL, 45401, '2021-07-27 23:48:00');
INSERT INTO `schedule_job_log` VALUES (139, 1, 'testTask', 'restSendRequestInfo', NULL, 0, NULL, 3, '2021-07-27 23:50:00');
INSERT INTO `schedule_job_log` VALUES (140, 2, 'testTask', 'getCabinetStatus', NULL, 0, NULL, 45386, '2021-07-27 23:56:00');
INSERT INTO `schedule_job_log` VALUES (141, 1, 'testTask', 'restSendRequestInfo', NULL, 0, NULL, 5, '2021-07-28 00:00:00');
INSERT INTO `schedule_job_log` VALUES (142, 2, 'testTask', 'getCabinetStatus', NULL, 0, NULL, 45357, '2021-07-28 00:00:00');
INSERT INTO `schedule_job_log` VALUES (143, 2, 'testTask', 'getCabinetStatus', NULL, 0, NULL, 45343, '2021-07-28 00:08:00');
INSERT INTO `schedule_job_log` VALUES (144, 1, 'testTask', 'restSendRequestInfo', NULL, 0, NULL, 5, '2021-07-28 00:10:00');
INSERT INTO `schedule_job_log` VALUES (145, 2, 'testTask', 'getCabinetStatus', NULL, 0, NULL, 45395, '2021-07-28 00:16:00');
INSERT INTO `schedule_job_log` VALUES (146, 1, 'testTask', 'restSendRequestInfo', NULL, 0, NULL, 2, '2021-07-28 00:20:00');
INSERT INTO `schedule_job_log` VALUES (147, 2, 'testTask', 'getCabinetStatus', NULL, 0, NULL, 45318, '2021-07-28 00:24:00');
INSERT INTO `schedule_job_log` VALUES (148, 1, 'testTask', 'restSendRequestInfo', NULL, 0, NULL, 3, '2021-07-28 00:30:00');
INSERT INTO `schedule_job_log` VALUES (149, 2, 'testTask', 'getCabinetStatus', NULL, 0, NULL, 45362, '2021-07-28 00:32:00');
INSERT INTO `schedule_job_log` VALUES (150, 1, 'testTask', 'restSendRequestInfo', NULL, 0, NULL, 3, '2021-07-28 00:40:00');
INSERT INTO `schedule_job_log` VALUES (151, 2, 'testTask', 'getCabinetStatus', NULL, 0, NULL, 45417, '2021-07-28 00:40:00');
INSERT INTO `schedule_job_log` VALUES (152, 2, 'testTask', 'getCabinetStatus', NULL, 0, NULL, 45288, '2021-07-28 00:48:00');
INSERT INTO `schedule_job_log` VALUES (153, 1, 'testTask', 'restSendRequestInfo', NULL, 0, NULL, 3, '2021-07-28 00:50:00');
INSERT INTO `schedule_job_log` VALUES (154, 2, 'testTask', 'getCabinetStatus', NULL, 0, NULL, 45385, '2021-07-28 00:56:00');
INSERT INTO `schedule_job_log` VALUES (155, 1, 'testTask', 'restSendRequestInfo', NULL, 0, NULL, 3, '2021-07-28 01:00:00');
INSERT INTO `schedule_job_log` VALUES (156, 2, 'testTask', 'getCabinetStatus', NULL, 0, NULL, 45348, '2021-07-28 01:00:00');
INSERT INTO `schedule_job_log` VALUES (157, 2, 'testTask', 'getCabinetStatus', NULL, 0, NULL, 45427, '2021-07-28 01:08:00');
INSERT INTO `schedule_job_log` VALUES (158, 1, 'testTask', 'restSendRequestInfo', NULL, 0, NULL, 2, '2021-07-28 01:10:00');
INSERT INTO `schedule_job_log` VALUES (159, 2, 'testTask', 'getCabinetStatus', NULL, 0, NULL, 45277, '2021-07-28 01:16:00');
INSERT INTO `schedule_job_log` VALUES (160, 1, 'testTask', 'restSendRequestInfo', NULL, 0, NULL, 3, '2021-07-28 01:20:00');
INSERT INTO `schedule_job_log` VALUES (161, 2, 'testTask', 'getCabinetStatus', NULL, 0, NULL, 45374, '2021-07-28 01:24:00');
INSERT INTO `schedule_job_log` VALUES (162, 1, 'testTask', 'restSendRequestInfo', NULL, 0, NULL, 4, '2021-07-28 01:30:00');
INSERT INTO `schedule_job_log` VALUES (163, 2, 'testTask', 'getCabinetStatus', NULL, 0, NULL, 45434, '2021-07-28 01:32:00');
INSERT INTO `schedule_job_log` VALUES (164, 1, 'testTask', 'restSendRequestInfo', NULL, 0, NULL, 2, '2021-07-28 01:40:00');
INSERT INTO `schedule_job_log` VALUES (165, 2, 'testTask', 'getCabinetStatus', NULL, 0, NULL, 45383, '2021-07-28 01:40:00');
INSERT INTO `schedule_job_log` VALUES (166, 2, 'testTask', 'getCabinetStatus', NULL, 0, NULL, 45367, '2021-07-28 01:48:00');
INSERT INTO `schedule_job_log` VALUES (167, 1, 'testTask', 'restSendRequestInfo', NULL, 0, NULL, 3, '2021-07-28 01:50:00');
INSERT INTO `schedule_job_log` VALUES (168, 2, 'testTask', 'getCabinetStatus', NULL, 0, NULL, 45377, '2021-07-28 01:56:00');
INSERT INTO `schedule_job_log` VALUES (169, 1, 'testTask', 'restSendRequestInfo', NULL, 0, NULL, 2, '2021-07-28 02:00:00');
INSERT INTO `schedule_job_log` VALUES (170, 2, 'testTask', 'getCabinetStatus', NULL, 0, NULL, 45307, '2021-07-28 02:00:00');
INSERT INTO `schedule_job_log` VALUES (171, 2, 'testTask', 'getCabinetStatus', NULL, 0, NULL, 45414, '2021-07-28 02:08:00');
INSERT INTO `schedule_job_log` VALUES (172, 1, 'testTask', 'restSendRequestInfo', NULL, 0, NULL, 3, '2021-07-28 02:10:00');
INSERT INTO `schedule_job_log` VALUES (173, 2, 'testTask', 'getCabinetStatus', NULL, 0, NULL, 45372, '2021-07-28 02:16:00');
INSERT INTO `schedule_job_log` VALUES (174, 1, 'testTask', 'restSendRequestInfo', NULL, 0, NULL, 2, '2021-07-28 02:20:00');
INSERT INTO `schedule_job_log` VALUES (175, 2, 'testTask', 'getCabinetStatus', NULL, 0, NULL, 45667, '2021-07-28 02:24:00');
INSERT INTO `schedule_job_log` VALUES (176, 1, 'testTask', 'restSendRequestInfo', NULL, 0, NULL, 3, '2021-07-28 02:30:00');
INSERT INTO `schedule_job_log` VALUES (177, 2, 'testTask', 'getCabinetStatus', NULL, 0, NULL, 45360, '2021-07-28 02:32:00');
INSERT INTO `schedule_job_log` VALUES (178, 1, 'testTask', 'restSendRequestInfo', NULL, 0, NULL, 3, '2021-07-28 02:40:00');
INSERT INTO `schedule_job_log` VALUES (179, 2, 'testTask', 'getCabinetStatus', NULL, 0, NULL, 45363, '2021-07-28 02:40:00');
INSERT INTO `schedule_job_log` VALUES (180, 2, 'testTask', 'getCabinetStatus', NULL, 0, NULL, 45356, '2021-07-28 02:48:00');
INSERT INTO `schedule_job_log` VALUES (181, 1, 'testTask', 'restSendRequestInfo', NULL, 0, NULL, 3, '2021-07-28 02:50:00');
INSERT INTO `schedule_job_log` VALUES (182, 2, 'testTask', 'getCabinetStatus', NULL, 0, NULL, 45389, '2021-07-28 02:56:00');
INSERT INTO `schedule_job_log` VALUES (183, 1, 'testTask', 'restSendRequestInfo', NULL, 0, NULL, 3, '2021-07-28 03:00:00');
INSERT INTO `schedule_job_log` VALUES (184, 2, 'testTask', 'getCabinetStatus', NULL, 0, NULL, 45377, '2021-07-28 03:00:00');
INSERT INTO `schedule_job_log` VALUES (185, 2, 'testTask', 'getCabinetStatus', NULL, 0, NULL, 45428, '2021-07-28 03:08:00');
INSERT INTO `schedule_job_log` VALUES (186, 1, 'testTask', 'restSendRequestInfo', NULL, 0, NULL, 3, '2021-07-28 03:10:00');
INSERT INTO `schedule_job_log` VALUES (187, 2, 'testTask', 'getCabinetStatus', NULL, 0, NULL, 45337, '2021-07-28 03:16:00');
INSERT INTO `schedule_job_log` VALUES (188, 1, 'testTask', 'restSendRequestInfo', NULL, 0, NULL, 3, '2021-07-28 03:20:00');
INSERT INTO `schedule_job_log` VALUES (189, 2, 'testTask', 'getCabinetStatus', NULL, 0, NULL, 45361, '2021-07-28 03:24:00');
INSERT INTO `schedule_job_log` VALUES (190, 1, 'testTask', 'restSendRequestInfo', NULL, 0, NULL, 3, '2021-07-28 03:30:00');
INSERT INTO `schedule_job_log` VALUES (191, 2, 'testTask', 'getCabinetStatus', NULL, 0, NULL, 45373, '2021-07-28 03:32:00');
INSERT INTO `schedule_job_log` VALUES (192, 1, 'testTask', 'restSendRequestInfo', NULL, 0, NULL, 4, '2021-07-28 03:40:00');
INSERT INTO `schedule_job_log` VALUES (193, 2, 'testTask', 'getCabinetStatus', NULL, 0, NULL, 45360, '2021-07-28 03:40:00');
INSERT INTO `schedule_job_log` VALUES (194, 2, 'testTask', 'getCabinetStatus', NULL, 0, NULL, 45409, '2021-07-28 03:48:00');
INSERT INTO `schedule_job_log` VALUES (195, 1, 'testTask', 'restSendRequestInfo', NULL, 0, NULL, 3, '2021-07-28 03:50:00');
INSERT INTO `schedule_job_log` VALUES (196, 2, 'testTask', 'getCabinetStatus', NULL, 0, NULL, 45420, '2021-07-28 03:56:00');
INSERT INTO `schedule_job_log` VALUES (197, 1, 'testTask', 'restSendRequestInfo', NULL, 0, NULL, 3, '2021-07-28 04:00:00');
INSERT INTO `schedule_job_log` VALUES (198, 2, 'testTask', 'getCabinetStatus', NULL, 0, NULL, 45344, '2021-07-28 04:00:00');
INSERT INTO `schedule_job_log` VALUES (199, 2, 'testTask', 'getCabinetStatus', NULL, 0, NULL, 45360, '2021-07-28 04:08:00');
INSERT INTO `schedule_job_log` VALUES (200, 1, 'testTask', 'restSendRequestInfo', NULL, 0, NULL, 3, '2021-07-28 04:10:00');
INSERT INTO `schedule_job_log` VALUES (201, 2, 'testTask', 'getCabinetStatus', NULL, 0, NULL, 45341, '2021-07-28 04:16:00');
INSERT INTO `schedule_job_log` VALUES (202, 1, 'testTask', 'restSendRequestInfo', NULL, 0, NULL, 3, '2021-07-28 04:20:00');
INSERT INTO `schedule_job_log` VALUES (203, 2, 'testTask', 'getCabinetStatus', NULL, 0, NULL, 45422, '2021-07-28 04:24:00');
INSERT INTO `schedule_job_log` VALUES (204, 1, 'testTask', 'restSendRequestInfo', NULL, 0, NULL, 3, '2021-07-28 04:30:00');
INSERT INTO `schedule_job_log` VALUES (205, 2, 'testTask', 'getCabinetStatus', NULL, 0, NULL, 45347, '2021-07-28 04:32:00');
INSERT INTO `schedule_job_log` VALUES (206, 1, 'testTask', 'restSendRequestInfo', NULL, 0, NULL, 2, '2021-07-28 04:40:00');
INSERT INTO `schedule_job_log` VALUES (207, 2, 'testTask', 'getCabinetStatus', NULL, 0, NULL, 45349, '2021-07-28 04:40:00');
INSERT INTO `schedule_job_log` VALUES (208, 2, 'testTask', 'getCabinetStatus', NULL, 0, NULL, 45409, '2021-07-28 04:48:00');
INSERT INTO `schedule_job_log` VALUES (209, 1, 'testTask', 'restSendRequestInfo', NULL, 0, NULL, 3, '2021-07-28 04:50:00');
INSERT INTO `schedule_job_log` VALUES (210, 2, 'testTask', 'getCabinetStatus', NULL, 0, NULL, 45365, '2021-07-28 04:56:00');
INSERT INTO `schedule_job_log` VALUES (211, 1, 'testTask', 'restSendRequestInfo', NULL, 0, NULL, 4, '2021-07-28 05:00:00');
INSERT INTO `schedule_job_log` VALUES (212, 2, 'testTask', 'getCabinetStatus', NULL, 0, NULL, 45495, '2021-07-28 05:00:00');
INSERT INTO `schedule_job_log` VALUES (213, 2, 'testTask', 'getCabinetStatus', NULL, 0, NULL, 45437, '2021-07-28 05:08:00');
INSERT INTO `schedule_job_log` VALUES (214, 1, 'testTask', 'restSendRequestInfo', NULL, 0, NULL, 3, '2021-07-28 05:10:00');
INSERT INTO `schedule_job_log` VALUES (215, 2, 'testTask', 'getCabinetStatus', NULL, 0, NULL, 48881, '2021-07-28 05:16:00');
INSERT INTO `schedule_job_log` VALUES (216, 1, 'testTask', 'restSendRequestInfo', NULL, 0, NULL, 3, '2021-07-28 05:20:00');
INSERT INTO `schedule_job_log` VALUES (217, 2, 'testTask', 'getCabinetStatus', NULL, 0, NULL, 45470, '2021-07-28 05:24:00');
INSERT INTO `schedule_job_log` VALUES (218, 1, 'testTask', 'restSendRequestInfo', NULL, 0, NULL, 3, '2021-07-28 05:30:00');
INSERT INTO `schedule_job_log` VALUES (219, 2, 'testTask', 'getCabinetStatus', NULL, 0, NULL, 45409, '2021-07-28 05:32:00');
INSERT INTO `schedule_job_log` VALUES (220, 1, 'testTask', 'restSendRequestInfo', NULL, 0, NULL, 3, '2021-07-28 05:40:00');
INSERT INTO `schedule_job_log` VALUES (221, 2, 'testTask', 'getCabinetStatus', NULL, 0, NULL, 45423, '2021-07-28 05:40:00');
INSERT INTO `schedule_job_log` VALUES (222, 2, 'testTask', 'getCabinetStatus', NULL, 0, NULL, 45419, '2021-07-28 05:48:00');
INSERT INTO `schedule_job_log` VALUES (223, 1, 'testTask', 'restSendRequestInfo', NULL, 0, NULL, 3, '2021-07-28 05:50:00');
INSERT INTO `schedule_job_log` VALUES (224, 1, 'testTask', 'restSendRequestInfo', NULL, 0, NULL, 1, '2021-07-28 17:00:00');
INSERT INTO `schedule_job_log` VALUES (225, 2, 'testTask', 'getCabinetStatus', NULL, 0, NULL, 45592, '2021-07-28 17:00:00');
INSERT INTO `schedule_job_log` VALUES (226, 2, 'testTask', 'getCabinetStatus', NULL, 0, NULL, 51442, '2021-07-28 17:08:00');
INSERT INTO `schedule_job_log` VALUES (227, 1, 'testTask', 'restSendRequestInfo', NULL, 0, NULL, 2, '2021-07-28 17:10:00');
INSERT INTO `schedule_job_log` VALUES (228, 2, 'testTask', 'getCabinetStatus', NULL, 0, NULL, 45445, '2021-07-28 17:16:00');
INSERT INTO `schedule_job_log` VALUES (229, 1, 'testTask', 'restSendRequestInfo', NULL, 0, NULL, 2, '2021-07-28 17:20:00');
INSERT INTO `schedule_job_log` VALUES (230, 2, 'testTask', 'getCabinetStatus', NULL, 0, NULL, 51432, '2021-07-28 17:24:00');
INSERT INTO `schedule_job_log` VALUES (231, 1, 'testTask', 'restSendRequestInfo', NULL, 0, NULL, 3, '2021-07-28 17:30:00');
INSERT INTO `schedule_job_log` VALUES (232, 2, 'testTask', 'getCabinetStatus', NULL, 0, NULL, 45403, '2021-07-28 17:32:00');
INSERT INTO `schedule_job_log` VALUES (233, 1, 'testTask', 'restSendRequestInfo', NULL, 0, NULL, 2, '2021-07-28 17:40:00');
INSERT INTO `schedule_job_log` VALUES (234, 2, 'testTask', 'getCabinetStatus', NULL, 0, NULL, 45487, '2021-07-28 17:40:00');
INSERT INTO `schedule_job_log` VALUES (235, 2, 'testTask', 'getCabinetStatus', NULL, 0, NULL, 45505, '2021-07-28 17:48:00');
INSERT INTO `schedule_job_log` VALUES (236, 1, 'testTask', 'restSendRequestInfo', NULL, 0, NULL, 3, '2021-07-28 17:50:00');
INSERT INTO `schedule_job_log` VALUES (237, 2, 'testTask', 'getCabinetStatus', NULL, 0, NULL, 45477, '2021-07-28 17:56:00');
INSERT INTO `schedule_job_log` VALUES (238, 1, 'testTask', 'restSendRequestInfo', NULL, 0, NULL, 3, '2021-07-28 18:00:00');
INSERT INTO `schedule_job_log` VALUES (239, 2, 'testTask', 'getCabinetStatus', NULL, 0, NULL, 45422, '2021-07-28 18:00:00');
INSERT INTO `schedule_job_log` VALUES (240, 2, 'testTask', 'getCabinetStatus', NULL, 0, NULL, 45434, '2021-07-28 18:08:00');
INSERT INTO `schedule_job_log` VALUES (241, 1, 'testTask', 'restSendRequestInfo', NULL, 0, NULL, 3, '2021-07-28 18:10:00');
INSERT INTO `schedule_job_log` VALUES (242, 2, 'testTask', 'getCabinetStatus', NULL, 0, NULL, 45508, '2021-07-28 18:16:00');
INSERT INTO `schedule_job_log` VALUES (243, 1, 'testTask', 'restSendRequestInfo', NULL, 0, NULL, 3, '2021-07-28 18:20:00');
INSERT INTO `schedule_job_log` VALUES (244, 2, 'testTask', 'getCabinetStatus', NULL, 0, NULL, 45428, '2021-07-28 18:24:00');
INSERT INTO `schedule_job_log` VALUES (245, 1, 'testTask', 'restSendRequestInfo', NULL, 0, NULL, 5, '2021-09-08 22:10:00');
INSERT INTO `schedule_job_log` VALUES (246, 2, 'testTask', 'getCabinetStatus', NULL, 0, NULL, 0, '2021-09-08 22:16:00');
INSERT INTO `schedule_job_log` VALUES (247, 2, 'testTask', 'getCabinetStatus', NULL, 0, NULL, 0, '2021-09-08 22:32:00');
INSERT INTO `schedule_job_log` VALUES (248, 1, 'testTask', 'restSendRequestInfo', NULL, 0, NULL, 0, '2021-09-08 22:40:00');
INSERT INTO `schedule_job_log` VALUES (249, 2, 'testTask', 'getCabinetStatus', NULL, 0, NULL, 0, '2021-09-08 22:40:00');
INSERT INTO `schedule_job_log` VALUES (250, 2, 'testTask', 'getCabinetStatus', NULL, 0, NULL, 2, '2021-09-08 22:48:00');
INSERT INTO `schedule_job_log` VALUES (251, 1, 'testTask', 'restSendRequestInfo', NULL, 0, NULL, 0, '2021-09-08 22:50:00');
INSERT INTO `schedule_job_log` VALUES (252, 2, 'testTask', 'getCabinetStatus', NULL, 0, NULL, 1, '2021-09-08 22:56:00');
INSERT INTO `schedule_job_log` VALUES (253, 2, 'testTask', 'getCabinetStatus', NULL, 0, NULL, 1, '2021-09-08 23:08:00');
INSERT INTO `schedule_job_log` VALUES (254, 1, 'testTask', 'restSendRequestInfo', NULL, 0, NULL, 0, '2021-09-08 23:10:00');
INSERT INTO `schedule_job_log` VALUES (255, 2, 'testTask', 'getCabinetStatus', NULL, 0, NULL, 1, '2021-09-08 23:16:00');
INSERT INTO `schedule_job_log` VALUES (256, 1, 'testTask', 'restSendRequestInfo', NULL, 0, NULL, 0, '2021-09-08 23:20:00');
INSERT INTO `schedule_job_log` VALUES (257, 2, 'testTask', 'getCabinetStatus', NULL, 0, NULL, 5, '2021-09-08 23:24:00');
INSERT INTO `schedule_job_log` VALUES (258, 2, 'testTask', 'getCabinetStatus', NULL, 0, NULL, 1, '2021-09-08 23:32:00');
INSERT INTO `schedule_job_log` VALUES (259, 1, 'testTask', 'restSendRequestInfo', NULL, 0, NULL, 12, '2021-09-08 23:40:00');
INSERT INTO `schedule_job_log` VALUES (260, 2, 'testTask', 'getCabinetStatus', NULL, 0, NULL, 1, '2021-09-08 23:40:00');
INSERT INTO `schedule_job_log` VALUES (261, 2, 'testTask', 'getCabinetStatus', NULL, 0, NULL, 1, '2021-09-08 23:48:00');
INSERT INTO `schedule_job_log` VALUES (262, 1, 'testTask', 'restSendRequestInfo', NULL, 0, NULL, 1, '2021-09-08 23:50:00');
INSERT INTO `schedule_job_log` VALUES (263, 2, 'testTask', 'getCabinetStatus', NULL, 0, NULL, 0, '2021-09-08 23:56:00');
INSERT INTO `schedule_job_log` VALUES (264, 1, 'testTask', 'restSendRequestInfo', NULL, 0, NULL, 5, '2021-09-09 00:00:00');
INSERT INTO `schedule_job_log` VALUES (265, 2, 'testTask', 'getCabinetStatus', NULL, 0, NULL, 1, '2021-09-09 00:00:00');
INSERT INTO `schedule_job_log` VALUES (266, 2, 'testTask', 'getCabinetStatus', NULL, 0, NULL, 1, '2021-09-09 00:08:00');
INSERT INTO `schedule_job_log` VALUES (267, 1, 'testTask', 'restSendRequestInfo', NULL, 0, NULL, 1, '2021-09-09 00:10:00');
INSERT INTO `schedule_job_log` VALUES (268, 2, 'testTask', 'getCabinetStatus', NULL, 0, NULL, 1, '2021-09-09 00:16:00');
INSERT INTO `schedule_job_log` VALUES (269, 1, 'testTask', 'restSendRequestInfo', NULL, 0, NULL, 0, '2021-09-09 00:20:00');
INSERT INTO `schedule_job_log` VALUES (270, 2, 'testTask', 'getCabinetStatus', NULL, 0, NULL, 1, '2021-09-09 00:24:00');
INSERT INTO `schedule_job_log` VALUES (271, 1, 'testTask', 'restSendRequestInfo', NULL, 0, NULL, 1, '2021-09-09 00:30:00');
INSERT INTO `schedule_job_log` VALUES (272, 2, 'testTask', 'getCabinetStatus', NULL, 0, NULL, 0, '2021-09-09 00:32:00');
INSERT INTO `schedule_job_log` VALUES (273, 1, 'testTask', 'restSendRequestInfo', NULL, 0, NULL, 1, '2021-09-09 00:40:00');
INSERT INTO `schedule_job_log` VALUES (274, 2, 'testTask', 'getCabinetStatus', NULL, 0, NULL, 0, '2021-09-09 00:40:00');
INSERT INTO `schedule_job_log` VALUES (275, 2, 'testTask', 'getCabinetStatus', NULL, 0, NULL, 1, '2021-09-09 00:48:00');
INSERT INTO `schedule_job_log` VALUES (276, 1, 'testTask', 'restSendRequestInfo', NULL, 0, NULL, 1, '2021-09-09 00:50:00');
INSERT INTO `schedule_job_log` VALUES (277, 2, 'testTask', 'getCabinetStatus', NULL, 0, NULL, 1, '2021-09-09 00:56:00');
INSERT INTO `schedule_job_log` VALUES (278, 1, 'testTask', 'restSendRequestInfo', NULL, 0, NULL, 1, '2021-09-09 01:00:00');
INSERT INTO `schedule_job_log` VALUES (279, 2, 'testTask', 'getCabinetStatus', NULL, 0, NULL, 1, '2021-09-09 01:00:00');
INSERT INTO `schedule_job_log` VALUES (280, 2, 'testTask', 'getCabinetStatus', NULL, 0, NULL, 1, '2021-09-09 01:08:00');
INSERT INTO `schedule_job_log` VALUES (281, 1, 'testTask', 'restSendRequestInfo', NULL, 0, NULL, 1, '2021-09-09 01:10:00');
INSERT INTO `schedule_job_log` VALUES (282, 2, 'testTask', 'getCabinetStatus', NULL, 0, NULL, 1, '2021-09-09 01:16:00');
INSERT INTO `schedule_job_log` VALUES (283, 1, 'testTask', 'restSendRequestInfo', NULL, 0, NULL, 1, '2021-09-09 01:20:00');
INSERT INTO `schedule_job_log` VALUES (284, 2, 'testTask', 'getCabinetStatus', NULL, 0, NULL, 0, '2021-09-09 01:24:00');
INSERT INTO `schedule_job_log` VALUES (285, 1, 'testTask', 'restSendRequestInfo', NULL, 0, NULL, 0, '2021-09-09 01:30:00');
INSERT INTO `schedule_job_log` VALUES (286, 2, 'testTask', 'getCabinetStatus', NULL, 0, NULL, 1, '2021-09-09 01:32:00');
INSERT INTO `schedule_job_log` VALUES (287, 1, 'testTask', 'restSendRequestInfo', NULL, 0, NULL, 1, '2021-09-09 01:40:00');
INSERT INTO `schedule_job_log` VALUES (288, 2, 'testTask', 'getCabinetStatus', NULL, 0, NULL, 0, '2021-09-09 01:40:00');
INSERT INTO `schedule_job_log` VALUES (289, 2, 'testTask', 'getCabinetStatus', NULL, 0, NULL, 1, '2021-09-09 01:48:00');
INSERT INTO `schedule_job_log` VALUES (290, 1, 'testTask', 'restSendRequestInfo', NULL, 0, NULL, 1, '2021-09-09 01:50:00');
INSERT INTO `schedule_job_log` VALUES (291, 2, 'testTask', 'getCabinetStatus', NULL, 0, NULL, 2, '2021-09-09 01:56:00');
INSERT INTO `schedule_job_log` VALUES (292, 1, 'testTask', 'restSendRequestInfo', NULL, 0, NULL, 1, '2021-09-09 02:00:00');
INSERT INTO `schedule_job_log` VALUES (293, 2, 'testTask', 'getCabinetStatus', NULL, 0, NULL, 0, '2021-09-09 02:00:00');
INSERT INTO `schedule_job_log` VALUES (294, 2, 'testTask', 'getCabinetStatus', NULL, 0, NULL, 2, '2021-09-09 02:08:00');
INSERT INTO `schedule_job_log` VALUES (295, 1, 'testTask', 'restSendRequestInfo', NULL, 0, NULL, 1, '2021-09-09 02:10:00');
INSERT INTO `schedule_job_log` VALUES (296, 2, 'testTask', 'getCabinetStatus', NULL, 0, NULL, 1, '2021-09-09 02:16:00');
INSERT INTO `schedule_job_log` VALUES (297, 1, 'testTask', 'restSendRequestInfo', NULL, 0, NULL, 1, '2021-09-09 02:20:00');
INSERT INTO `schedule_job_log` VALUES (298, 2, 'testTask', 'getCabinetStatus', NULL, 0, NULL, 2, '2021-09-09 02:24:00');
INSERT INTO `schedule_job_log` VALUES (299, 1, 'testTask', 'restSendRequestInfo', NULL, 0, NULL, 3, '2021-09-09 02:30:00');
INSERT INTO `schedule_job_log` VALUES (300, 2, 'testTask', 'getCabinetStatus', NULL, 0, NULL, 1, '2021-09-09 02:32:00');
INSERT INTO `schedule_job_log` VALUES (301, 1, 'testTask', 'restSendRequestInfo', NULL, 0, NULL, 1, '2021-09-09 02:40:00');
INSERT INTO `schedule_job_log` VALUES (302, 2, 'testTask', 'getCabinetStatus', NULL, 0, NULL, 1, '2021-09-09 02:40:00');
INSERT INTO `schedule_job_log` VALUES (303, 2, 'testTask', 'getCabinetStatus', NULL, 0, NULL, 2, '2021-09-09 02:48:00');
INSERT INTO `schedule_job_log` VALUES (304, 1, 'testTask', 'restSendRequestInfo', NULL, 0, NULL, 1, '2021-09-09 02:50:00');
INSERT INTO `schedule_job_log` VALUES (305, 2, 'testTask', 'getCabinetStatus', NULL, 0, NULL, 1, '2021-09-09 02:56:00');
INSERT INTO `schedule_job_log` VALUES (306, 1, 'testTask', 'restSendRequestInfo', NULL, 0, NULL, 2, '2021-09-09 03:00:00');
INSERT INTO `schedule_job_log` VALUES (307, 2, 'testTask', 'getCabinetStatus', NULL, 0, NULL, 0, '2021-09-09 03:00:00');
INSERT INTO `schedule_job_log` VALUES (308, 1, 'testTask', 'restSendRequestInfo', NULL, 0, NULL, 6, '2021-10-11 18:50:00');
INSERT INTO `schedule_job_log` VALUES (309, 2, 'testTask', 'getCabinetStatus', NULL, 0, NULL, 1, '2021-10-11 18:56:00');
INSERT INTO `schedule_job_log` VALUES (310, 1, 'testTask', 'restSendRequestInfo', NULL, 0, NULL, 1, '2021-10-11 19:00:00');
INSERT INTO `schedule_job_log` VALUES (311, 2, 'testTask', 'getCabinetStatus', NULL, 0, NULL, 1, '2021-10-11 19:00:00');
INSERT INTO `schedule_job_log` VALUES (312, 2, 'testTask', 'getCabinetStatus', NULL, 0, NULL, 2, '2021-10-11 19:08:00');
INSERT INTO `schedule_job_log` VALUES (313, 1, 'testTask', 'restSendRequestInfo', NULL, 0, NULL, 2, '2021-10-11 19:10:00');
INSERT INTO `schedule_job_log` VALUES (314, 2, 'testTask', 'getCabinetStatus', NULL, 0, NULL, 17, '2021-10-11 19:16:00');
INSERT INTO `schedule_job_log` VALUES (315, 1, 'testTask', 'restSendRequestInfo', NULL, 0, NULL, 2, '2021-10-11 19:20:00');
INSERT INTO `schedule_job_log` VALUES (316, 2, 'testTask', 'getCabinetStatus', NULL, 0, NULL, 2, '2021-10-11 19:24:00');
INSERT INTO `schedule_job_log` VALUES (317, 1, 'testTask', 'restSendRequestInfo', NULL, 0, NULL, 2, '2021-10-11 19:30:00');
INSERT INTO `schedule_job_log` VALUES (318, 2, 'testTask', 'getCabinetStatus', NULL, 0, NULL, 3, '2021-10-11 19:32:00');
INSERT INTO `schedule_job_log` VALUES (319, 1, 'testTask', 'restSendRequestInfo', NULL, 0, NULL, 2, '2021-10-11 19:40:00');
INSERT INTO `schedule_job_log` VALUES (320, 2, 'testTask', 'getCabinetStatus', NULL, 0, NULL, 2, '2021-10-11 19:40:00');
INSERT INTO `schedule_job_log` VALUES (321, 2, 'testTask', 'getCabinetStatus', NULL, 0, NULL, 2, '2021-10-11 19:48:00');
INSERT INTO `schedule_job_log` VALUES (322, 1, 'testTask', 'restSendRequestInfo', NULL, 0, NULL, 2, '2021-10-11 19:50:00');
INSERT INTO `schedule_job_log` VALUES (323, 2, 'testTask', 'getCabinetStatus', NULL, 0, NULL, 2, '2021-10-11 19:56:00');
INSERT INTO `schedule_job_log` VALUES (324, 1, 'testTask', 'restSendRequestInfo', NULL, 0, NULL, 2, '2021-10-11 20:00:00');
INSERT INTO `schedule_job_log` VALUES (325, 2, 'testTask', 'getCabinetStatus', NULL, 0, NULL, 2, '2021-10-11 20:00:00');
INSERT INTO `schedule_job_log` VALUES (326, 2, 'testTask', 'getCabinetStatus', NULL, 0, NULL, 2, '2021-10-11 20:08:00');
INSERT INTO `schedule_job_log` VALUES (327, 1, 'testTask', 'restSendRequestInfo', NULL, 0, NULL, 2, '2021-10-11 20:10:00');
INSERT INTO `schedule_job_log` VALUES (328, 2, 'testTask', 'getCabinetStatus', NULL, 0, NULL, 1, '2021-10-11 20:16:00');
INSERT INTO `schedule_job_log` VALUES (329, 1, 'testTask', 'restSendRequestInfo', NULL, 0, NULL, 1, '2021-10-11 20:20:00');
INSERT INTO `schedule_job_log` VALUES (330, 2, 'testTask', 'getCabinetStatus', NULL, 0, NULL, 1, '2021-10-11 20:24:00');
INSERT INTO `schedule_job_log` VALUES (331, 1, 'testTask', 'restSendRequestInfo', NULL, 0, NULL, 3, '2021-10-11 20:30:00');
INSERT INTO `schedule_job_log` VALUES (332, 2, 'testTask', 'getCabinetStatus', NULL, 0, NULL, 2, '2021-10-11 20:32:00');
INSERT INTO `schedule_job_log` VALUES (333, 2, 'testTask', 'getCabinetStatus', NULL, 0, NULL, 1, '2021-10-11 20:40:00');
INSERT INTO `schedule_job_log` VALUES (334, 1, 'testTask', 'restSendRequestInfo', NULL, 0, NULL, 2, '2021-10-11 20:40:00');
INSERT INTO `schedule_job_log` VALUES (335, 2, 'testTask', 'getCabinetStatus', NULL, 0, NULL, 2, '2021-10-11 20:48:00');
INSERT INTO `schedule_job_log` VALUES (336, 1, 'testTask', 'restSendRequestInfo', NULL, 0, NULL, 3, '2021-10-11 20:50:00');
INSERT INTO `schedule_job_log` VALUES (337, 2, 'testTask', 'getCabinetStatus', NULL, 0, NULL, 1, '2021-10-11 20:56:00');
INSERT INTO `schedule_job_log` VALUES (338, 1, 'testTask', 'restSendRequestInfo', NULL, 0, NULL, 1, '2021-10-11 21:00:00');
INSERT INTO `schedule_job_log` VALUES (339, 2, 'testTask', 'getCabinetStatus', NULL, 0, NULL, 1, '2021-10-11 21:00:00');
INSERT INTO `schedule_job_log` VALUES (340, 2, 'testTask', 'getCabinetStatus', NULL, 0, NULL, 2, '2021-10-11 21:08:00');
INSERT INTO `schedule_job_log` VALUES (341, 1, 'testTask', 'restSendRequestInfo', NULL, 0, NULL, 3, '2021-10-11 21:10:00');
INSERT INTO `schedule_job_log` VALUES (342, 2, 'testTask', 'getCabinetStatus', NULL, 0, NULL, 1, '2021-10-11 21:16:00');
INSERT INTO `schedule_job_log` VALUES (343, 1, 'testTask', 'restSendRequestInfo', NULL, 0, NULL, 2, '2021-10-11 21:20:00');
INSERT INTO `schedule_job_log` VALUES (344, 2, 'testTask', 'getCabinetStatus', NULL, 0, NULL, 1, '2021-10-11 21:24:00');
INSERT INTO `schedule_job_log` VALUES (345, 1, 'testTask', 'restSendRequestInfo', NULL, 0, NULL, 1, '2021-10-11 21:30:00');
INSERT INTO `schedule_job_log` VALUES (346, 2, 'testTask', 'getCabinetStatus', NULL, 0, NULL, 1, '2021-10-11 21:32:00');
INSERT INTO `schedule_job_log` VALUES (347, 1, 'testTask', 'restSendRequestInfo', NULL, 0, NULL, 1, '2021-10-11 21:40:00');
INSERT INTO `schedule_job_log` VALUES (348, 2, 'testTask', 'getCabinetStatus', NULL, 0, NULL, 1, '2021-10-11 21:40:00');
INSERT INTO `schedule_job_log` VALUES (349, 2, 'testTask', 'getCabinetStatus', NULL, 0, NULL, 2, '2021-10-11 21:48:00');
INSERT INTO `schedule_job_log` VALUES (350, 1, 'testTask', 'restSendRequestInfo', NULL, 0, NULL, 1, '2021-10-11 21:50:00');
INSERT INTO `schedule_job_log` VALUES (351, 2, 'testTask', 'getCabinetStatus', NULL, 0, NULL, 1, '2021-10-11 21:56:00');
INSERT INTO `schedule_job_log` VALUES (352, 1, 'testTask', 'restSendRequestInfo', NULL, 0, NULL, 1, '2021-10-11 22:00:00');
INSERT INTO `schedule_job_log` VALUES (353, 2, 'testTask', 'getCabinetStatus', NULL, 0, NULL, 0, '2021-10-11 22:00:00');
INSERT INTO `schedule_job_log` VALUES (354, 2, 'testTask', 'getCabinetStatus', NULL, 0, NULL, 1, '2021-10-11 22:08:00');
INSERT INTO `schedule_job_log` VALUES (355, 1, 'testTask', 'restSendRequestInfo', NULL, 0, NULL, 2, '2021-10-11 22:10:00');
INSERT INTO `schedule_job_log` VALUES (356, 2, 'testTask', 'getCabinetStatus', NULL, 0, NULL, 2, '2021-10-11 22:16:00');
INSERT INTO `schedule_job_log` VALUES (357, 1, 'testTask', 'restSendRequestInfo', NULL, 0, NULL, 1, '2021-10-11 22:20:00');
INSERT INTO `schedule_job_log` VALUES (358, 2, 'testTask', 'getCabinetStatus', NULL, 0, NULL, 1, '2021-10-11 22:24:00');
INSERT INTO `schedule_job_log` VALUES (359, 1, 'testTask', 'restSendRequestInfo', NULL, 0, NULL, 2, '2021-10-11 22:30:00');
INSERT INTO `schedule_job_log` VALUES (360, 2, 'testTask', 'getCabinetStatus', NULL, 0, NULL, 1, '2021-10-11 22:32:00');
INSERT INTO `schedule_job_log` VALUES (361, 1, 'testTask', 'restSendRequestInfo', NULL, 0, NULL, 1, '2021-10-11 22:40:00');
INSERT INTO `schedule_job_log` VALUES (362, 2, 'testTask', 'getCabinetStatus', NULL, 0, NULL, 2, '2021-10-11 22:40:00');
INSERT INTO `schedule_job_log` VALUES (363, 2, 'testTask', 'getCabinetStatus', NULL, 0, NULL, 1, '2021-10-11 22:48:00');
INSERT INTO `schedule_job_log` VALUES (364, 1, 'testTask', 'restSendRequestInfo', NULL, 0, NULL, 1, '2021-10-11 22:50:00');
INSERT INTO `schedule_job_log` VALUES (365, 2, 'testTask', 'getCabinetStatus', NULL, 0, NULL, 1, '2021-10-11 22:56:00');
INSERT INTO `schedule_job_log` VALUES (366, 1, 'testTask', 'restSendRequestInfo', NULL, 0, NULL, 1, '2021-10-11 23:00:00');
INSERT INTO `schedule_job_log` VALUES (367, 2, 'testTask', 'getCabinetStatus', NULL, 0, NULL, 1, '2021-10-11 23:00:00');
INSERT INTO `schedule_job_log` VALUES (368, 2, 'testTask', 'getCabinetStatus', NULL, 0, NULL, 1, '2021-10-11 23:08:00');
INSERT INTO `schedule_job_log` VALUES (369, 1, 'testTask', 'restSendRequestInfo', NULL, 0, NULL, 1, '2021-10-11 23:10:00');
INSERT INTO `schedule_job_log` VALUES (370, 2, 'testTask', 'getCabinetStatus', NULL, 0, NULL, 3, '2021-10-11 23:16:00');
INSERT INTO `schedule_job_log` VALUES (371, 1, 'testTask', 'restSendRequestInfo', NULL, 0, NULL, 1, '2021-10-11 23:20:00');
INSERT INTO `schedule_job_log` VALUES (372, 2, 'testTask', 'getCabinetStatus', NULL, 0, NULL, 1, '2021-10-11 23:24:00');
INSERT INTO `schedule_job_log` VALUES (373, 1, 'testTask', 'restSendRequestInfo', NULL, 0, NULL, 1, '2021-10-11 23:30:00');
INSERT INTO `schedule_job_log` VALUES (374, 1, 'testTask', 'restSendRequestInfo', NULL, 0, NULL, 5, '2021-10-12 11:10:00');
INSERT INTO `schedule_job_log` VALUES (375, 2, 'testTask', 'getCabinetStatus', NULL, 0, NULL, 1, '2021-10-12 11:16:00');
INSERT INTO `schedule_job_log` VALUES (376, 1, 'testTask', 'restSendRequestInfo', NULL, 0, NULL, 1, '2021-10-12 11:20:00');
INSERT INTO `schedule_job_log` VALUES (377, 2, 'testTask', 'getCabinetStatus', NULL, 0, NULL, 2, '2021-10-12 11:24:00');
INSERT INTO `schedule_job_log` VALUES (378, 1, 'testTask', 'restSendRequestInfo', NULL, 0, NULL, 1, '2021-10-12 11:30:00');
INSERT INTO `schedule_job_log` VALUES (379, 2, 'testTask', 'getCabinetStatus', NULL, 0, NULL, 3, '2021-10-12 11:32:00');
INSERT INTO `schedule_job_log` VALUES (380, 1, 'testTask', 'restSendRequestInfo', NULL, 0, NULL, 2, '2021-10-12 11:40:00');
INSERT INTO `schedule_job_log` VALUES (381, 2, 'testTask', 'getCabinetStatus', NULL, 0, NULL, 1, '2021-10-12 11:40:00');
INSERT INTO `schedule_job_log` VALUES (382, 2, 'testTask', 'getCabinetStatus', NULL, 0, NULL, 2, '2021-10-12 11:48:00');
INSERT INTO `schedule_job_log` VALUES (383, 1, 'testTask', 'restSendRequestInfo', NULL, 0, NULL, 2, '2021-10-12 11:50:00');
INSERT INTO `schedule_job_log` VALUES (384, 2, 'testTask', 'getCabinetStatus', NULL, 0, NULL, 2, '2021-10-12 11:56:00');
INSERT INTO `schedule_job_log` VALUES (385, 1, 'testTask', 'restSendRequestInfo', NULL, 0, NULL, 2, '2021-10-12 12:00:00');
INSERT INTO `schedule_job_log` VALUES (386, 2, 'testTask', 'getCabinetStatus', NULL, 0, NULL, 1, '2021-10-12 12:00:00');
INSERT INTO `schedule_job_log` VALUES (387, 2, 'testTask', 'getCabinetStatus', NULL, 0, NULL, 2, '2021-10-12 12:08:00');
INSERT INTO `schedule_job_log` VALUES (388, 1, 'testTask', 'restSendRequestInfo', NULL, 0, NULL, 5, '2021-10-12 12:10:00');
INSERT INTO `schedule_job_log` VALUES (389, 2, 'testTask', 'getCabinetStatus', NULL, 0, NULL, 9, '2021-10-12 12:16:00');
INSERT INTO `schedule_job_log` VALUES (390, 1, 'testTask', 'restSendRequestInfo', NULL, 0, NULL, 5, '2021-10-12 12:20:00');
INSERT INTO `schedule_job_log` VALUES (391, 2, 'testTask', 'getCabinetStatus', NULL, 0, NULL, 5, '2021-10-12 12:24:00');
INSERT INTO `schedule_job_log` VALUES (392, 1, 'testTask', 'restSendRequestInfo', NULL, 0, NULL, 6, '2021-10-12 12:30:00');
INSERT INTO `schedule_job_log` VALUES (393, 2, 'testTask', 'getCabinetStatus', NULL, 0, NULL, 3, '2021-10-12 12:32:00');
INSERT INTO `schedule_job_log` VALUES (394, 2, 'testTask', 'getCabinetStatus', NULL, 0, NULL, 4, '2021-10-12 13:24:00');
INSERT INTO `schedule_job_log` VALUES (395, 1, 'testTask', 'restSendRequestInfo', NULL, 0, NULL, 3, '2021-10-12 13:30:00');
INSERT INTO `schedule_job_log` VALUES (396, 2, 'testTask', 'getCabinetStatus', NULL, 0, NULL, 4, '2021-10-12 13:32:00');
INSERT INTO `schedule_job_log` VALUES (397, 1, 'testTask', 'restSendRequestInfo', NULL, 0, NULL, 10, '2021-10-12 13:40:00');
INSERT INTO `schedule_job_log` VALUES (398, 2, 'testTask', 'getCabinetStatus', NULL, 0, NULL, 7, '2021-10-12 13:40:00');
INSERT INTO `schedule_job_log` VALUES (399, 2, 'testTask', 'getCabinetStatus', NULL, 0, NULL, 3, '2021-10-12 13:48:00');
INSERT INTO `schedule_job_log` VALUES (400, 1, 'testTask', 'restSendRequestInfo', NULL, 0, NULL, 6, '2021-10-12 13:50:00');
INSERT INTO `schedule_job_log` VALUES (401, 2, 'testTask', 'getCabinetStatus', NULL, 0, NULL, 4, '2021-10-12 13:56:00');
INSERT INTO `schedule_job_log` VALUES (402, 1, 'testTask', 'restSendRequestInfo', NULL, 0, NULL, 3, '2021-10-12 14:00:00');
INSERT INTO `schedule_job_log` VALUES (403, 2, 'testTask', 'getCabinetStatus', NULL, 0, NULL, 1, '2021-10-12 14:00:00');
INSERT INTO `schedule_job_log` VALUES (404, 1, 'testTask', 'restSendRequestInfo', NULL, 0, NULL, 2, '2021-10-12 14:40:00');
INSERT INTO `schedule_job_log` VALUES (405, 2, 'testTask', 'getCabinetStatus', NULL, 0, NULL, 1, '2021-10-12 14:40:00');
INSERT INTO `schedule_job_log` VALUES (406, 2, 'testTask', 'getCabinetStatus', NULL, 0, NULL, 162800, '2021-10-12 14:48:00');
INSERT INTO `schedule_job_log` VALUES (407, 1, 'testTask', 'restSendRequestInfo', NULL, 0, NULL, 42794, '2021-10-12 14:50:00');
INSERT INTO `schedule_job_log` VALUES (408, 2, 'testTask', 'getCabinetStatus', NULL, 0, NULL, 2, '2021-10-12 14:56:00');
INSERT INTO `schedule_job_log` VALUES (409, 1, 'testTask', 'restSendRequestInfo', NULL, 0, NULL, 5, '2021-10-12 15:00:00');
INSERT INTO `schedule_job_log` VALUES (410, 2, 'testTask', 'getCabinetStatus', NULL, 0, NULL, 2, '2021-10-12 15:00:00');
INSERT INTO `schedule_job_log` VALUES (411, 2, 'testTask', 'getCabinetStatus', NULL, 0, NULL, 3, '2021-10-12 15:08:00');
INSERT INTO `schedule_job_log` VALUES (412, 1, 'testTask', 'restSendRequestInfo', NULL, 0, NULL, 3, '2021-10-12 15:10:00');
INSERT INTO `schedule_job_log` VALUES (413, 2, 'testTask', 'getCabinetStatus', NULL, 0, NULL, 3, '2021-10-12 15:16:00');
INSERT INTO `schedule_job_log` VALUES (414, 1, 'testTask', 'restSendRequestInfo', NULL, 0, NULL, 4, '2021-10-12 15:20:00');
INSERT INTO `schedule_job_log` VALUES (415, 2, 'testTask', 'getCabinetStatus', NULL, 0, NULL, 5, '2021-10-12 15:24:00');
INSERT INTO `schedule_job_log` VALUES (416, 1, 'testTask', 'restSendRequestInfo', NULL, 0, NULL, 3, '2021-10-12 15:30:00');
INSERT INTO `schedule_job_log` VALUES (417, 2, 'testTask', 'getCabinetStatus', NULL, 0, NULL, 5, '2021-10-12 15:32:00');
INSERT INTO `schedule_job_log` VALUES (418, 1, 'testTask', 'restSendRequestInfo', NULL, 0, NULL, 4, '2021-10-12 15:40:00');
INSERT INTO `schedule_job_log` VALUES (419, 2, 'testTask', 'getCabinetStatus', NULL, 0, NULL, 1, '2021-10-12 15:40:00');
INSERT INTO `schedule_job_log` VALUES (420, 2, 'testTask', 'getCabinetStatus', NULL, 0, NULL, 4, '2021-10-12 15:48:00');
INSERT INTO `schedule_job_log` VALUES (421, 1, 'testTask', 'restSendRequestInfo', NULL, 0, NULL, 3, '2021-10-12 15:50:00');
INSERT INTO `schedule_job_log` VALUES (422, 2, 'testTask', 'getCabinetStatus', NULL, 0, NULL, 4, '2021-10-12 15:56:00');
INSERT INTO `schedule_job_log` VALUES (423, 1, 'testTask', 'restSendRequestInfo', NULL, 0, NULL, 4, '2021-10-12 16:00:00');
INSERT INTO `schedule_job_log` VALUES (424, 2, 'testTask', 'getCabinetStatus', NULL, 0, NULL, 2, '2021-10-12 16:00:00');
INSERT INTO `schedule_job_log` VALUES (425, 2, 'testTask', 'getCabinetStatus', NULL, 0, NULL, 2, '2021-10-12 16:08:00');
INSERT INTO `schedule_job_log` VALUES (426, 1, 'testTask', 'restSendRequestInfo', NULL, 0, NULL, 3, '2021-10-12 16:10:00');
INSERT INTO `schedule_job_log` VALUES (427, 2, 'testTask', 'getCabinetStatus', NULL, 0, NULL, 5, '2021-10-12 16:16:00');
INSERT INTO `schedule_job_log` VALUES (428, 1, 'testTask', 'restSendRequestInfo', NULL, 0, NULL, 6, '2021-10-12 16:20:00');
INSERT INTO `schedule_job_log` VALUES (429, 2, 'testTask', 'getCabinetStatus', NULL, 0, NULL, 4, '2021-10-12 16:24:00');
INSERT INTO `schedule_job_log` VALUES (430, 1, 'testTask', 'restSendRequestInfo', NULL, 0, NULL, 4, '2021-10-12 16:30:00');
INSERT INTO `schedule_job_log` VALUES (431, 2, 'testTask', 'getCabinetStatus', NULL, 0, NULL, 72, '2021-10-12 16:32:00');
INSERT INTO `schedule_job_log` VALUES (432, 1, 'testTask', 'restSendRequestInfo', NULL, 0, NULL, 15, '2021-10-12 16:40:00');
INSERT INTO `schedule_job_log` VALUES (433, 2, 'testTask', 'getCabinetStatus', NULL, 0, NULL, 3, '2021-10-12 16:40:00');
INSERT INTO `schedule_job_log` VALUES (434, 2, 'testTask', 'getCabinetStatus', NULL, 0, NULL, 9, '2021-10-12 16:48:00');
INSERT INTO `schedule_job_log` VALUES (435, 1, 'testTask', 'restSendRequestInfo', NULL, 0, NULL, 6, '2021-10-12 16:50:00');
INSERT INTO `schedule_job_log` VALUES (436, 2, 'testTask', 'getCabinetStatus', NULL, 0, NULL, 2, '2021-10-12 16:56:00');
INSERT INTO `schedule_job_log` VALUES (437, 1, 'testTask', 'restSendRequestInfo', NULL, 0, NULL, 4, '2021-10-12 17:00:00');
INSERT INTO `schedule_job_log` VALUES (438, 2, 'testTask', 'getCabinetStatus', NULL, 0, NULL, 2, '2021-10-12 17:00:00');
INSERT INTO `schedule_job_log` VALUES (439, 2, 'testTask', 'getCabinetStatus', NULL, 0, NULL, 4, '2021-10-12 17:08:00');
INSERT INTO `schedule_job_log` VALUES (440, 1, 'testTask', 'restSendRequestInfo', NULL, 0, NULL, 4, '2021-10-12 17:10:00');
INSERT INTO `schedule_job_log` VALUES (441, 1, 'testTask', 'restSendRequestInfo', NULL, 0, NULL, 6, '2021-10-13 09:20:00');
INSERT INTO `schedule_job_log` VALUES (442, 2, 'testTask', 'getCabinetStatus', NULL, 0, NULL, 3, '2021-10-13 09:24:00');
INSERT INTO `schedule_job_log` VALUES (443, 1, 'testTask', 'restSendRequestInfo', NULL, 0, NULL, 2, '2021-10-13 09:30:00');
INSERT INTO `schedule_job_log` VALUES (444, 2, 'testTask', 'getCabinetStatus', NULL, 0, NULL, 3, '2021-10-13 09:32:00');
INSERT INTO `schedule_job_log` VALUES (445, 1, 'testTask', 'restSendRequestInfo', NULL, 0, NULL, 4, '2021-10-13 09:40:00');
INSERT INTO `schedule_job_log` VALUES (446, 2, 'testTask', 'getCabinetStatus', NULL, 0, NULL, 1, '2021-10-13 09:40:00');
INSERT INTO `schedule_job_log` VALUES (447, 2, 'testTask', 'getCabinetStatus', NULL, 0, NULL, 3, '2021-10-13 09:48:00');
INSERT INTO `schedule_job_log` VALUES (448, 1, 'testTask', 'restSendRequestInfo', NULL, 0, NULL, 2, '2021-10-13 09:50:00');
INSERT INTO `schedule_job_log` VALUES (449, 2, 'testTask', 'getCabinetStatus', NULL, 0, NULL, 3, '2021-10-13 09:56:00');
INSERT INTO `schedule_job_log` VALUES (450, 1, 'testTask', 'restSendRequestInfo', NULL, 0, NULL, 2, '2021-10-13 10:00:00');
INSERT INTO `schedule_job_log` VALUES (451, 2, 'testTask', 'getCabinetStatus', NULL, 0, NULL, 2, '2021-10-13 10:00:00');
INSERT INTO `schedule_job_log` VALUES (452, 2, 'testTask', 'getCabinetStatus', NULL, 0, NULL, 3, '2021-10-13 10:08:00');
INSERT INTO `schedule_job_log` VALUES (453, 1, 'testTask', 'restSendRequestInfo', NULL, 0, NULL, 2, '2021-10-13 10:10:00');
INSERT INTO `schedule_job_log` VALUES (454, 2, 'testTask', 'getCabinetStatus', NULL, 0, NULL, 3, '2021-10-13 10:16:00');
INSERT INTO `schedule_job_log` VALUES (455, 1, 'testTask', 'restSendRequestInfo', NULL, 0, NULL, 4, '2021-10-13 10:20:00');
INSERT INTO `schedule_job_log` VALUES (456, 2, 'testTask', 'getCabinetStatus', NULL, 0, NULL, 3, '2021-10-13 10:24:00');
INSERT INTO `schedule_job_log` VALUES (457, 1, 'testTask', 'restSendRequestInfo', NULL, 0, NULL, 3, '2021-10-13 10:30:00');
INSERT INTO `schedule_job_log` VALUES (458, 2, 'testTask', 'getCabinetStatus', NULL, 0, NULL, 3, '2021-10-13 10:32:00');
INSERT INTO `schedule_job_log` VALUES (459, 1, 'testTask', 'restSendRequestInfo', NULL, 0, NULL, 3, '2021-10-13 10:40:00');
INSERT INTO `schedule_job_log` VALUES (460, 2, 'testTask', 'getCabinetStatus', NULL, 0, NULL, 1, '2021-10-13 10:40:00');
INSERT INTO `schedule_job_log` VALUES (461, 2, 'testTask', 'getCabinetStatus', NULL, 0, NULL, 3, '2021-10-13 10:48:00');
INSERT INTO `schedule_job_log` VALUES (462, 1, 'testTask', 'restSendRequestInfo', NULL, 0, NULL, 2, '2021-10-13 10:50:00');
INSERT INTO `schedule_job_log` VALUES (463, 2, 'testTask', 'getCabinetStatus', NULL, 0, NULL, 5, '2021-10-13 10:56:00');
INSERT INTO `schedule_job_log` VALUES (464, 1, 'testTask', 'restSendRequestInfo', NULL, 0, NULL, 2, '2021-10-13 11:00:00');
INSERT INTO `schedule_job_log` VALUES (465, 2, 'testTask', 'getCabinetStatus', NULL, 0, NULL, 4, '2021-10-13 11:00:00');
INSERT INTO `schedule_job_log` VALUES (466, 2, 'testTask', 'getCabinetStatus', NULL, 0, NULL, 4, '2021-10-13 11:08:00');
INSERT INTO `schedule_job_log` VALUES (467, 1, 'testTask', 'restSendRequestInfo', NULL, 0, NULL, 2, '2021-10-13 11:10:00');
INSERT INTO `schedule_job_log` VALUES (468, 2, 'testTask', 'getCabinetStatus', NULL, 0, NULL, 3, '2021-10-13 11:16:00');
INSERT INTO `schedule_job_log` VALUES (469, 1, 'testTask', 'restSendRequestInfo', NULL, 0, NULL, 3, '2021-10-13 11:20:00');
INSERT INTO `schedule_job_log` VALUES (470, 2, 'testTask', 'getCabinetStatus', NULL, 0, NULL, 3, '2021-10-13 11:24:00');
INSERT INTO `schedule_job_log` VALUES (471, 1, 'testTask', 'restSendRequestInfo', NULL, 0, NULL, 3, '2021-10-13 11:30:00');
INSERT INTO `schedule_job_log` VALUES (472, 2, 'testTask', 'getCabinetStatus', NULL, 0, NULL, 3, '2021-10-13 11:32:00');
INSERT INTO `schedule_job_log` VALUES (473, 1, 'testTask', 'restSendRequestInfo', NULL, 0, NULL, 4, '2021-10-13 11:40:00');
INSERT INTO `schedule_job_log` VALUES (474, 2, 'testTask', 'getCabinetStatus', NULL, 0, NULL, 1, '2021-10-13 11:40:00');
INSERT INTO `schedule_job_log` VALUES (475, 2, 'testTask', 'getCabinetStatus', NULL, 0, NULL, 2, '2021-10-13 11:48:00');
INSERT INTO `schedule_job_log` VALUES (476, 2, 'testTask', 'getCabinetStatus', NULL, 0, NULL, 3, '2021-10-13 11:56:00');
INSERT INTO `schedule_job_log` VALUES (477, 1, 'testTask', 'restSendRequestInfo', NULL, 0, NULL, 1, '2021-10-13 12:00:00');
INSERT INTO `schedule_job_log` VALUES (478, 2, 'testTask', 'getCabinetStatus', NULL, 0, NULL, 1, '2021-10-13 12:00:00');
INSERT INTO `schedule_job_log` VALUES (479, 2, 'testTask', 'getCabinetStatus', NULL, 0, NULL, 3, '2021-10-13 12:08:00');
INSERT INTO `schedule_job_log` VALUES (480, 1, 'testTask', 'restSendRequestInfo', NULL, 0, NULL, 6, '2021-10-13 12:10:00');
INSERT INTO `schedule_job_log` VALUES (481, 2, 'testTask', 'getCabinetStatus', NULL, 0, NULL, 23, '2021-10-13 12:16:00');
INSERT INTO `schedule_job_log` VALUES (482, 1, 'testTask', 'restSendRequestInfo', NULL, 0, NULL, 3, '2021-10-13 12:20:00');
INSERT INTO `schedule_job_log` VALUES (483, 2, 'testTask', 'getCabinetStatus', NULL, 0, NULL, 3, '2021-10-13 12:24:00');
INSERT INTO `schedule_job_log` VALUES (484, 1, 'testTask', 'restSendRequestInfo', NULL, 0, NULL, 3, '2021-10-13 12:30:00');
INSERT INTO `schedule_job_log` VALUES (485, 2, 'testTask', 'getCabinetStatus', NULL, 0, NULL, 5, '2021-10-13 12:32:00');
INSERT INTO `schedule_job_log` VALUES (486, 1, 'testTask', 'restSendRequestInfo', NULL, 0, NULL, 4, '2021-10-13 12:40:00');
INSERT INTO `schedule_job_log` VALUES (487, 2, 'testTask', 'getCabinetStatus', NULL, 0, NULL, 3, '2021-10-13 12:40:00');
INSERT INTO `schedule_job_log` VALUES (488, 2, 'testTask', 'getCabinetStatus', NULL, 0, NULL, 5, '2021-10-13 12:48:00');
INSERT INTO `schedule_job_log` VALUES (489, 1, 'testTask', 'restSendRequestInfo', NULL, 0, NULL, 2, '2021-10-13 12:50:00');
INSERT INTO `schedule_job_log` VALUES (490, 2, 'testTask', 'getCabinetStatus', NULL, 0, NULL, 2, '2021-10-13 12:56:00');
INSERT INTO `schedule_job_log` VALUES (491, 1, 'testTask', 'restSendRequestInfo', NULL, 0, NULL, 2, '2021-10-13 13:00:00');
INSERT INTO `schedule_job_log` VALUES (492, 2, 'testTask', 'getCabinetStatus', NULL, 0, NULL, 1, '2021-10-13 13:00:00');
INSERT INTO `schedule_job_log` VALUES (493, 2, 'testTask', 'getCabinetStatus', NULL, 0, NULL, 3, '2021-10-13 13:08:00');
INSERT INTO `schedule_job_log` VALUES (494, 1, 'testTask', 'restSendRequestInfo', NULL, 0, NULL, 3, '2021-10-13 13:10:00');
INSERT INTO `schedule_job_log` VALUES (495, 2, 'testTask', 'getCabinetStatus', NULL, 0, NULL, 2, '2021-10-13 13:48:00');
INSERT INTO `schedule_job_log` VALUES (496, 1, 'testTask', 'restSendRequestInfo', NULL, 0, NULL, 2, '2021-10-13 13:50:00');
INSERT INTO `schedule_job_log` VALUES (497, 2, 'testTask', 'getCabinetStatus', NULL, 0, NULL, 2, '2021-10-13 13:56:00');
INSERT INTO `schedule_job_log` VALUES (498, 1, 'testTask', 'restSendRequestInfo', NULL, 0, NULL, 2, '2021-10-13 14:00:00');
INSERT INTO `schedule_job_log` VALUES (499, 2, 'testTask', 'getCabinetStatus', NULL, 0, NULL, 1, '2021-10-13 14:00:00');
INSERT INTO `schedule_job_log` VALUES (500, 2, 'testTask', 'getCabinetStatus', NULL, 0, NULL, 2, '2021-10-13 14:08:00');
INSERT INTO `schedule_job_log` VALUES (501, 1, 'testTask', 'restSendRequestInfo', NULL, 0, NULL, 2, '2021-10-13 14:10:00');
INSERT INTO `schedule_job_log` VALUES (502, 2, 'testTask', 'getCabinetStatus', NULL, 0, NULL, 3, '2021-10-13 14:16:00');
INSERT INTO `schedule_job_log` VALUES (503, 1, 'testTask', 'restSendRequestInfo', NULL, 0, NULL, 2, '2021-10-13 14:20:00');
INSERT INTO `schedule_job_log` VALUES (504, 2, 'testTask', 'getCabinetStatus', NULL, 0, NULL, 2, '2021-10-13 14:24:00');
INSERT INTO `schedule_job_log` VALUES (505, 1, 'testTask', 'restSendRequestInfo', NULL, 0, NULL, 3, '2021-10-13 14:30:00');
INSERT INTO `schedule_job_log` VALUES (506, 2, 'testTask', 'getCabinetStatus', NULL, 0, NULL, 5, '2021-10-13 14:32:00');
INSERT INTO `schedule_job_log` VALUES (507, 1, 'testTask', 'restSendRequestInfo', NULL, 0, NULL, 3, '2021-10-13 14:40:00');
INSERT INTO `schedule_job_log` VALUES (508, 2, 'testTask', 'getCabinetStatus', NULL, 0, NULL, 3, '2021-10-13 14:40:00');
INSERT INTO `schedule_job_log` VALUES (509, 2, 'testTask', 'getCabinetStatus', NULL, 0, NULL, 2, '2021-10-13 14:48:00');
INSERT INTO `schedule_job_log` VALUES (510, 1, 'testTask', 'restSendRequestInfo', NULL, 0, NULL, 3, '2021-10-13 14:50:00');
INSERT INTO `schedule_job_log` VALUES (511, 2, 'testTask', 'getCabinetStatus', NULL, 0, NULL, 3, '2021-10-13 14:56:00');
INSERT INTO `schedule_job_log` VALUES (512, 1, 'testTask', 'restSendRequestInfo', NULL, 0, NULL, 4, '2021-10-13 15:00:00');
INSERT INTO `schedule_job_log` VALUES (513, 2, 'testTask', 'getCabinetStatus', NULL, 0, NULL, 2, '2021-10-13 15:00:00');
INSERT INTO `schedule_job_log` VALUES (514, 2, 'testTask', 'getCabinetStatus', NULL, 0, NULL, 2, '2021-10-13 15:08:00');
INSERT INTO `schedule_job_log` VALUES (515, 1, 'testTask', 'restSendRequestInfo', NULL, 0, NULL, 2, '2021-10-13 15:10:00');
INSERT INTO `schedule_job_log` VALUES (516, 2, 'testTask', 'getCabinetStatus', NULL, 0, NULL, 4, '2021-10-13 15:16:00');
INSERT INTO `schedule_job_log` VALUES (517, 1, 'testTask', 'restSendRequestInfo', NULL, 0, NULL, 3, '2021-10-13 15:20:00');
INSERT INTO `schedule_job_log` VALUES (518, 2, 'testTask', 'getCabinetStatus', NULL, 0, NULL, 2, '2021-10-13 15:24:00');
INSERT INTO `schedule_job_log` VALUES (519, 1, 'testTask', 'restSendRequestInfo', NULL, 0, NULL, 2, '2021-10-13 15:30:00');
INSERT INTO `schedule_job_log` VALUES (520, 2, 'testTask', 'getCabinetStatus', NULL, 0, NULL, 9875, '2021-10-13 15:32:00');
INSERT INTO `schedule_job_log` VALUES (521, 1, 'testTask', 'restSendRequestInfo', NULL, 0, NULL, 2, '2021-10-13 15:40:00');
INSERT INTO `schedule_job_log` VALUES (522, 2, 'testTask', 'getCabinetStatus', NULL, 0, NULL, 2, '2021-10-13 15:40:00');
INSERT INTO `schedule_job_log` VALUES (523, 2, 'testTask', 'getCabinetStatus', NULL, 0, NULL, 2, '2021-10-13 15:48:00');
INSERT INTO `schedule_job_log` VALUES (524, 1, 'testTask', 'restSendRequestInfo', NULL, 0, NULL, 2, '2021-10-13 15:50:00');
INSERT INTO `schedule_job_log` VALUES (525, 2, 'testTask', 'getCabinetStatus', NULL, 0, NULL, 2, '2021-10-13 15:56:00');
INSERT INTO `schedule_job_log` VALUES (526, 1, 'testTask', 'restSendRequestInfo', NULL, 0, NULL, 3, '2021-10-13 16:00:00');
INSERT INTO `schedule_job_log` VALUES (527, 2, 'testTask', 'getCabinetStatus', NULL, 0, NULL, 1, '2021-10-13 16:00:00');
INSERT INTO `schedule_job_log` VALUES (528, 2, 'testTask', 'getCabinetStatus', NULL, 0, NULL, 1, '2021-10-13 16:08:00');
INSERT INTO `schedule_job_log` VALUES (529, 1, 'testTask', 'restSendRequestInfo', NULL, 0, NULL, 2, '2021-10-13 16:10:00');
INSERT INTO `schedule_job_log` VALUES (530, 2, 'testTask', 'getCabinetStatus', NULL, 0, NULL, 1, '2021-10-13 16:16:00');
INSERT INTO `schedule_job_log` VALUES (531, 1, 'testTask', 'restSendRequestInfo', NULL, 0, NULL, 2, '2021-10-13 16:20:00');
INSERT INTO `schedule_job_log` VALUES (532, 2, 'testTask', 'getCabinetStatus', NULL, 0, NULL, 2, '2021-10-13 16:24:00');
INSERT INTO `schedule_job_log` VALUES (533, 1, 'testTask', 'restSendRequestInfo', NULL, 0, NULL, 2, '2021-10-13 16:30:00');
INSERT INTO `schedule_job_log` VALUES (534, 2, 'testTask', 'getCabinetStatus', NULL, 0, NULL, 1, '2021-10-13 16:32:00');
INSERT INTO `schedule_job_log` VALUES (535, 1, 'testTask', 'restSendRequestInfo', NULL, 0, NULL, 4, '2021-10-13 16:40:00');
INSERT INTO `schedule_job_log` VALUES (536, 2, 'testTask', 'getCabinetStatus', NULL, 0, NULL, 1, '2021-10-13 16:40:00');
INSERT INTO `schedule_job_log` VALUES (537, 2, 'testTask', 'getCabinetStatus', NULL, 0, NULL, 4, '2021-10-13 16:48:00');
INSERT INTO `schedule_job_log` VALUES (538, 1, 'testTask', 'restSendRequestInfo', NULL, 0, NULL, 4, '2021-10-13 16:50:00');
INSERT INTO `schedule_job_log` VALUES (539, 2, 'testTask', 'getCabinetStatus', NULL, 0, NULL, 2, '2021-10-13 17:08:00');
INSERT INTO `schedule_job_log` VALUES (540, 1, 'testTask', 'restSendRequestInfo', NULL, 0, NULL, 2, '2021-10-13 17:10:00');
INSERT INTO `schedule_job_log` VALUES (541, 2, 'testTask', 'getCabinetStatus', NULL, 0, NULL, 5, '2021-10-13 17:16:00');
INSERT INTO `schedule_job_log` VALUES (542, 1, 'testTask', 'restSendRequestInfo', NULL, 0, NULL, 7, '2021-10-13 17:20:00');
INSERT INTO `schedule_job_log` VALUES (543, 2, 'testTask', 'getCabinetStatus', NULL, 0, NULL, 3, '2021-10-13 17:24:00');
INSERT INTO `schedule_job_log` VALUES (544, 1, 'testTask', 'restSendRequestInfo', NULL, 0, NULL, 3, '2021-10-13 17:30:00');
INSERT INTO `schedule_job_log` VALUES (545, 2, 'testTask', 'getCabinetStatus', NULL, 0, NULL, 5, '2021-10-13 17:32:00');
INSERT INTO `schedule_job_log` VALUES (546, 1, 'testTask', 'restSendRequestInfo', NULL, 0, NULL, 4, '2021-10-13 17:40:00');
INSERT INTO `schedule_job_log` VALUES (547, 2, 'testTask', 'getCabinetStatus', NULL, 0, NULL, 3, '2021-10-13 17:40:00');
INSERT INTO `schedule_job_log` VALUES (548, 2, 'testTask', 'getCabinetStatus', NULL, 0, NULL, 5, '2021-10-13 17:48:00');
INSERT INTO `schedule_job_log` VALUES (549, 1, 'testTask', 'restSendRequestInfo', NULL, 0, NULL, 3, '2021-10-13 17:50:00');
INSERT INTO `schedule_job_log` VALUES (550, 2, 'testTask', 'getCabinetStatus', NULL, 0, NULL, 5, '2021-10-13 17:56:00');
INSERT INTO `schedule_job_log` VALUES (551, 1, 'testTask', 'restSendRequestInfo', NULL, 0, NULL, 4, '2021-10-13 18:00:00');
INSERT INTO `schedule_job_log` VALUES (552, 2, 'testTask', 'getCabinetStatus', NULL, 0, NULL, 2, '2021-10-13 18:00:00');
INSERT INTO `schedule_job_log` VALUES (553, 2, 'testTask', 'getCabinetStatus', NULL, 0, NULL, 4, '2021-10-13 18:08:00');
INSERT INTO `schedule_job_log` VALUES (554, 1, 'testTask', 'restSendRequestInfo', NULL, 0, NULL, 5, '2021-10-13 18:10:00');
INSERT INTO `schedule_job_log` VALUES (555, 2, 'testTask', 'getCabinetStatus', NULL, 0, NULL, 2, '2021-10-13 18:16:00');
INSERT INTO `schedule_job_log` VALUES (556, 1, 'testTask', 'restSendRequestInfo', NULL, 0, NULL, 3, '2021-10-13 18:20:00');
INSERT INTO `schedule_job_log` VALUES (557, 2, 'testTask', 'getCabinetStatus', NULL, 0, NULL, 9, '2021-10-13 18:24:00');
INSERT INTO `schedule_job_log` VALUES (558, 1, 'testTask', 'restSendRequestInfo', NULL, 0, NULL, 10, '2021-10-13 18:40:00');
INSERT INTO `schedule_job_log` VALUES (559, 2, 'testTask', 'getCabinetStatus', NULL, 0, NULL, 1, '2021-10-13 18:40:00');
INSERT INTO `schedule_job_log` VALUES (560, 2, 'testTask', 'getCabinetStatus', NULL, 0, NULL, 1, '2021-10-13 18:48:00');
INSERT INTO `schedule_job_log` VALUES (561, 1, 'testTask', 'restSendRequestInfo', NULL, 0, NULL, 2, '2021-10-13 18:50:00');
INSERT INTO `schedule_job_log` VALUES (562, 2, 'testTask', 'getCabinetStatus', NULL, 0, NULL, 4, '2021-10-13 18:56:00');
INSERT INTO `schedule_job_log` VALUES (563, 1, 'testTask', 'restSendRequestInfo', NULL, 0, NULL, 2, '2021-10-13 19:00:00');
INSERT INTO `schedule_job_log` VALUES (564, 2, 'testTask', 'getCabinetStatus', NULL, 0, NULL, 1, '2021-10-13 19:00:00');
INSERT INTO `schedule_job_log` VALUES (565, 2, 'testTask', 'getCabinetStatus', NULL, 0, NULL, 1, '2021-10-13 19:08:00');
INSERT INTO `schedule_job_log` VALUES (566, 1, 'testTask', 'restSendRequestInfo', NULL, 0, NULL, 2, '2021-10-13 19:10:00');
INSERT INTO `schedule_job_log` VALUES (567, 2, 'testTask', 'getCabinetStatus', NULL, 0, NULL, 3, '2021-10-13 19:16:00');
INSERT INTO `schedule_job_log` VALUES (568, 1, 'testTask', 'restSendRequestInfo', NULL, 0, NULL, 2, '2021-10-13 19:20:00');
INSERT INTO `schedule_job_log` VALUES (569, 2, 'testTask', 'getCabinetStatus', NULL, 0, NULL, 2, '2021-10-13 19:24:00');
INSERT INTO `schedule_job_log` VALUES (570, 1, 'testTask', 'restSendRequestInfo', NULL, 0, NULL, 2, '2021-10-13 19:30:00');
INSERT INTO `schedule_job_log` VALUES (571, 2, 'testTask', 'getCabinetStatus', NULL, 0, NULL, 2, '2021-10-13 19:32:00');
INSERT INTO `schedule_job_log` VALUES (572, 1, 'testTask', 'restSendRequestInfo', NULL, 0, NULL, 2, '2021-10-13 19:40:00');
INSERT INTO `schedule_job_log` VALUES (573, 2, 'testTask', 'getCabinetStatus', NULL, 0, NULL, 1, '2021-10-13 19:40:00');
INSERT INTO `schedule_job_log` VALUES (574, 2, 'testTask', 'getCabinetStatus', NULL, 0, NULL, 2, '2021-10-13 19:48:00');
INSERT INTO `schedule_job_log` VALUES (575, 1, 'testTask', 'restSendRequestInfo', NULL, 0, NULL, 4, '2021-10-13 19:50:00');
INSERT INTO `schedule_job_log` VALUES (576, 2, 'testTask', 'getCabinetStatus', NULL, 0, NULL, 2, '2021-10-13 19:56:00');
INSERT INTO `schedule_job_log` VALUES (577, 1, 'testTask', 'restSendRequestInfo', NULL, 0, NULL, 1, '2021-10-13 20:00:00');
INSERT INTO `schedule_job_log` VALUES (578, 2, 'testTask', 'getCabinetStatus', NULL, 0, NULL, 1, '2021-10-13 20:00:00');
INSERT INTO `schedule_job_log` VALUES (579, 2, 'testTask', 'getCabinetStatus', NULL, 0, NULL, 2, '2021-10-13 20:08:00');
INSERT INTO `schedule_job_log` VALUES (580, 1, 'testTask', 'restSendRequestInfo', NULL, 0, NULL, 2, '2021-10-13 20:10:00');
INSERT INTO `schedule_job_log` VALUES (581, 2, 'testTask', 'getCabinetStatus', NULL, 0, NULL, 2, '2021-10-13 20:16:00');
INSERT INTO `schedule_job_log` VALUES (582, 1, 'testTask', 'restSendRequestInfo', NULL, 0, NULL, 2, '2021-10-13 20:20:00');
INSERT INTO `schedule_job_log` VALUES (583, 2, 'testTask', 'getCabinetStatus', NULL, 0, NULL, 3, '2021-10-13 20:24:00');
INSERT INTO `schedule_job_log` VALUES (584, 1, 'testTask', 'restSendRequestInfo', NULL, 0, NULL, 2, '2021-10-13 20:30:00');
INSERT INTO `schedule_job_log` VALUES (585, 2, 'testTask', 'getCabinetStatus', NULL, 0, NULL, 2, '2021-10-13 20:32:00');
INSERT INTO `schedule_job_log` VALUES (586, 1, 'testTask', 'restSendRequestInfo', NULL, 0, NULL, 2, '2021-10-13 20:40:00');
INSERT INTO `schedule_job_log` VALUES (587, 2, 'testTask', 'getCabinetStatus', NULL, 0, NULL, 1, '2021-10-13 20:40:00');
INSERT INTO `schedule_job_log` VALUES (588, 2, 'testTask', 'getCabinetStatus', NULL, 0, NULL, 2, '2021-10-13 20:48:00');
INSERT INTO `schedule_job_log` VALUES (589, 1, 'testTask', 'restSendRequestInfo', NULL, 0, NULL, 2, '2021-10-13 20:50:00');
INSERT INTO `schedule_job_log` VALUES (590, 2, 'testTask', 'getCabinetStatus', NULL, 0, NULL, 3, '2021-10-13 20:56:00');
INSERT INTO `schedule_job_log` VALUES (591, 1, 'testTask', 'restSendRequestInfo', NULL, 0, NULL, 3, '2021-10-13 21:00:00');
INSERT INTO `schedule_job_log` VALUES (592, 2, 'testTask', 'getCabinetStatus', NULL, 0, NULL, 1, '2021-10-13 21:00:00');
INSERT INTO `schedule_job_log` VALUES (593, 2, 'testTask', 'getCabinetStatus', NULL, 0, NULL, 2, '2021-10-13 21:08:00');
INSERT INTO `schedule_job_log` VALUES (594, 1, 'testTask', 'restSendRequestInfo', NULL, 0, NULL, 2, '2021-10-13 21:10:00');
INSERT INTO `schedule_job_log` VALUES (595, 2, 'testTask', 'getCabinetStatus', NULL, 0, NULL, 3, '2021-10-13 21:16:00');
INSERT INTO `schedule_job_log` VALUES (596, 1, 'testTask', 'restSendRequestInfo', NULL, 0, NULL, 2, '2021-10-13 21:20:00');
INSERT INTO `schedule_job_log` VALUES (597, 2, 'testTask', 'getCabinetStatus', NULL, 0, NULL, 2, '2021-10-13 21:24:00');
INSERT INTO `schedule_job_log` VALUES (598, 1, 'testTask', 'restSendRequestInfo', NULL, 0, NULL, 3, '2021-10-13 21:30:00');
INSERT INTO `schedule_job_log` VALUES (599, 2, 'testTask', 'getCabinetStatus', NULL, 0, NULL, 1, '2021-10-13 21:32:00');
INSERT INTO `schedule_job_log` VALUES (600, 1, 'testTask', 'restSendRequestInfo', NULL, 0, NULL, 1, '2021-10-13 21:40:00');
INSERT INTO `schedule_job_log` VALUES (601, 2, 'testTask', 'getCabinetStatus', NULL, 0, NULL, 2, '2021-10-13 21:40:00');
INSERT INTO `schedule_job_log` VALUES (602, 2, 'testTask', 'getCabinetStatus', NULL, 0, NULL, 2, '2021-10-13 21:48:00');
INSERT INTO `schedule_job_log` VALUES (603, 1, 'testTask', 'restSendRequestInfo', NULL, 0, NULL, 1, '2021-10-13 21:50:00');
INSERT INTO `schedule_job_log` VALUES (604, 2, 'testTask', 'getCabinetStatus', NULL, 0, NULL, 2, '2021-10-13 21:56:00');
INSERT INTO `schedule_job_log` VALUES (605, 1, 'testTask', 'restSendRequestInfo', NULL, 0, NULL, 3, '2021-10-13 22:00:00');
INSERT INTO `schedule_job_log` VALUES (606, 2, 'testTask', 'getCabinetStatus', NULL, 0, NULL, 1, '2021-10-13 22:00:00');
INSERT INTO `schedule_job_log` VALUES (607, 2, 'testTask', 'getCabinetStatus', NULL, 0, NULL, 3, '2021-10-13 22:08:00');
INSERT INTO `schedule_job_log` VALUES (608, 1, 'testTask', 'restSendRequestInfo', NULL, 0, NULL, 2, '2021-10-13 22:10:00');
INSERT INTO `schedule_job_log` VALUES (609, 2, 'testTask', 'getCabinetStatus', NULL, 0, NULL, 2, '2021-10-13 22:16:00');
INSERT INTO `schedule_job_log` VALUES (610, 1, 'testTask', 'restSendRequestInfo', NULL, 0, NULL, 2, '2021-10-13 22:20:00');
INSERT INTO `schedule_job_log` VALUES (611, 2, 'testTask', 'getCabinetStatus', NULL, 0, NULL, 1, '2021-10-13 22:24:00');
INSERT INTO `schedule_job_log` VALUES (612, 1, 'testTask', 'restSendRequestInfo', NULL, 0, NULL, 3, '2021-10-13 22:30:00');
INSERT INTO `schedule_job_log` VALUES (613, 2, 'testTask', 'getCabinetStatus', NULL, 0, NULL, 2, '2021-10-13 22:32:00');
INSERT INTO `schedule_job_log` VALUES (614, 1, 'testTask', 'restSendRequestInfo', NULL, 0, NULL, 4, '2021-10-13 22:40:00');
INSERT INTO `schedule_job_log` VALUES (615, 2, 'testTask', 'getCabinetStatus', NULL, 0, NULL, 3, '2021-10-13 22:40:00');
INSERT INTO `schedule_job_log` VALUES (616, 2, 'testTask', 'getCabinetStatus', NULL, 0, NULL, 2, '2021-10-13 22:48:00');
INSERT INTO `schedule_job_log` VALUES (617, 1, 'testTask', 'restSendRequestInfo', NULL, 0, NULL, 3, '2021-10-13 22:50:00');
INSERT INTO `schedule_job_log` VALUES (618, 2, 'testTask', 'getCabinetStatus', NULL, 0, NULL, 2, '2021-10-13 22:56:00');
INSERT INTO `schedule_job_log` VALUES (619, 1, 'testTask', 'restSendRequestInfo', NULL, 0, NULL, 3, '2021-10-13 23:00:00');
INSERT INTO `schedule_job_log` VALUES (620, 2, 'testTask', 'getCabinetStatus', NULL, 0, NULL, 1, '2021-10-13 23:00:00');
INSERT INTO `schedule_job_log` VALUES (621, 2, 'testTask', 'getCabinetStatus', NULL, 0, NULL, 2, '2021-10-13 23:08:00');
INSERT INTO `schedule_job_log` VALUES (622, 1, 'testTask', 'restSendRequestInfo', NULL, 0, NULL, 2, '2021-10-13 23:10:00');
INSERT INTO `schedule_job_log` VALUES (623, 2, 'testTask', 'getCabinetStatus', NULL, 0, NULL, 2, '2021-10-13 23:16:00');
INSERT INTO `schedule_job_log` VALUES (624, 1, 'testTask', 'restSendRequestInfo', NULL, 0, NULL, 3, '2021-10-13 23:20:00');
INSERT INTO `schedule_job_log` VALUES (625, 2, 'testTask', 'getCabinetStatus', NULL, 0, NULL, 3, '2021-10-13 23:24:00');
INSERT INTO `schedule_job_log` VALUES (626, 1, 'testTask', 'restSendRequestInfo', NULL, 0, NULL, 3, '2021-10-13 23:30:00');
INSERT INTO `schedule_job_log` VALUES (627, 2, 'testTask', 'getCabinetStatus', NULL, 0, NULL, 2, '2021-10-13 23:32:00');
INSERT INTO `schedule_job_log` VALUES (628, 1, 'testTask', 'restSendRequestInfo', NULL, 0, NULL, 3, '2021-10-13 23:40:00');
INSERT INTO `schedule_job_log` VALUES (629, 2, 'testTask', 'getCabinetStatus', NULL, 0, NULL, 1, '2021-10-13 23:40:00');
INSERT INTO `schedule_job_log` VALUES (630, 2, 'testTask', 'getCabinetStatus', NULL, 0, NULL, 2, '2021-10-13 23:48:00');
INSERT INTO `schedule_job_log` VALUES (631, 1, 'testTask', 'restSendRequestInfo', NULL, 0, NULL, 2, '2021-10-13 23:50:00');
INSERT INTO `schedule_job_log` VALUES (632, 2, 'testTask', 'getCabinetStatus', NULL, 0, NULL, 2, '2021-10-13 23:56:00');
INSERT INTO `schedule_job_log` VALUES (633, 1, 'testTask', 'restSendRequestInfo', NULL, 0, NULL, 7, '2021-10-14 00:00:00');
INSERT INTO `schedule_job_log` VALUES (634, 2, 'testTask', 'getCabinetStatus', NULL, 0, NULL, 3, '2021-10-14 00:00:00');
INSERT INTO `schedule_job_log` VALUES (635, 2, 'testTask', 'getCabinetStatus', NULL, 0, NULL, 3, '2021-10-14 00:08:00');
INSERT INTO `schedule_job_log` VALUES (636, 1, 'testTask', 'restSendRequestInfo', NULL, 0, NULL, 3, '2021-10-14 00:10:00');
INSERT INTO `schedule_job_log` VALUES (637, 2, 'testTask', 'getCabinetStatus', NULL, 0, NULL, 2, '2021-10-14 00:16:00');
INSERT INTO `schedule_job_log` VALUES (638, 1, 'testTask', 'restSendRequestInfo', NULL, 0, NULL, 3, '2021-10-14 00:20:00');
INSERT INTO `schedule_job_log` VALUES (639, 2, 'testTask', 'getCabinetStatus', NULL, 0, NULL, 2, '2021-10-14 00:24:00');
INSERT INTO `schedule_job_log` VALUES (640, 1, 'testTask', 'restSendRequestInfo', NULL, 0, NULL, 2, '2021-10-14 00:30:00');
INSERT INTO `schedule_job_log` VALUES (641, 2, 'testTask', 'getCabinetStatus', NULL, 0, NULL, 2, '2021-10-14 00:32:00');
INSERT INTO `schedule_job_log` VALUES (642, 1, 'testTask', 'restSendRequestInfo', NULL, 0, NULL, 2, '2021-10-14 00:40:00');
INSERT INTO `schedule_job_log` VALUES (643, 2, 'testTask', 'getCabinetStatus', NULL, 0, NULL, 1, '2021-10-14 00:40:00');
INSERT INTO `schedule_job_log` VALUES (644, 2, 'testTask', 'getCabinetStatus', NULL, 0, NULL, 1, '2021-10-14 00:48:00');
INSERT INTO `schedule_job_log` VALUES (645, 1, 'testTask', 'restSendRequestInfo', NULL, 0, NULL, 2, '2021-10-14 00:50:00');
INSERT INTO `schedule_job_log` VALUES (646, 2, 'testTask', 'getCabinetStatus', NULL, 0, NULL, 2, '2021-10-14 00:56:00');
INSERT INTO `schedule_job_log` VALUES (647, 1, 'testTask', 'restSendRequestInfo', NULL, 0, NULL, 2, '2021-10-14 01:00:00');
INSERT INTO `schedule_job_log` VALUES (648, 2, 'testTask', 'getCabinetStatus', NULL, 0, NULL, 2, '2021-10-14 01:00:00');
INSERT INTO `schedule_job_log` VALUES (649, 2, 'testTask', 'getCabinetStatus', NULL, 0, NULL, 2, '2021-10-14 01:08:00');
INSERT INTO `schedule_job_log` VALUES (650, 1, 'testTask', 'restSendRequestInfo', NULL, 0, NULL, 2, '2021-10-14 01:10:00');
INSERT INTO `schedule_job_log` VALUES (651, 2, 'testTask', 'getCabinetStatus', NULL, 0, NULL, 2, '2021-10-14 01:16:00');
INSERT INTO `schedule_job_log` VALUES (652, 1, 'testTask', 'restSendRequestInfo', NULL, 0, NULL, 2, '2021-10-14 01:20:00');
INSERT INTO `schedule_job_log` VALUES (653, 2, 'testTask', 'getCabinetStatus', NULL, 0, NULL, 2, '2021-10-14 01:24:00');
INSERT INTO `schedule_job_log` VALUES (654, 1, 'testTask', 'restSendRequestInfo', NULL, 0, NULL, 2, '2021-10-14 01:30:00');
INSERT INTO `schedule_job_log` VALUES (655, 2, 'testTask', 'getCabinetStatus', NULL, 0, NULL, 2, '2021-10-14 01:32:00');
INSERT INTO `schedule_job_log` VALUES (656, 1, 'testTask', 'restSendRequestInfo', NULL, 0, NULL, 2, '2021-10-14 01:40:00');
INSERT INTO `schedule_job_log` VALUES (657, 2, 'testTask', 'getCabinetStatus', NULL, 0, NULL, 1, '2021-10-14 01:40:00');
INSERT INTO `schedule_job_log` VALUES (658, 2, 'testTask', 'getCabinetStatus', NULL, 0, NULL, 2, '2021-10-14 01:48:00');
INSERT INTO `schedule_job_log` VALUES (659, 1, 'testTask', 'restSendRequestInfo', NULL, 0, NULL, 2, '2021-10-14 01:50:00');
INSERT INTO `schedule_job_log` VALUES (660, 2, 'testTask', 'getCabinetStatus', NULL, 0, NULL, 2, '2021-10-14 01:56:00');
INSERT INTO `schedule_job_log` VALUES (661, 1, 'testTask', 'restSendRequestInfo', NULL, 0, NULL, 2, '2021-10-14 02:00:00');
INSERT INTO `schedule_job_log` VALUES (662, 2, 'testTask', 'getCabinetStatus', NULL, 0, NULL, 2, '2021-10-14 02:00:00');
INSERT INTO `schedule_job_log` VALUES (663, 2, 'testTask', 'getCabinetStatus', NULL, 0, NULL, 2, '2021-10-14 02:08:00');
INSERT INTO `schedule_job_log` VALUES (664, 1, 'testTask', 'restSendRequestInfo', NULL, 0, NULL, 2, '2021-10-14 02:10:00');
INSERT INTO `schedule_job_log` VALUES (665, 2, 'testTask', 'getCabinetStatus', NULL, 0, NULL, 2, '2021-10-14 02:16:00');
INSERT INTO `schedule_job_log` VALUES (666, 1, 'testTask', 'restSendRequestInfo', NULL, 0, NULL, 2, '2021-10-14 02:20:00');
INSERT INTO `schedule_job_log` VALUES (667, 2, 'testTask', 'getCabinetStatus', NULL, 0, NULL, 2, '2021-10-14 02:24:00');
INSERT INTO `schedule_job_log` VALUES (668, 1, 'testTask', 'restSendRequestInfo', NULL, 0, NULL, 1, '2021-10-14 02:30:00');
INSERT INTO `schedule_job_log` VALUES (669, 2, 'testTask', 'getCabinetStatus', NULL, 0, NULL, 1, '2021-10-14 02:32:00');
INSERT INTO `schedule_job_log` VALUES (670, 2, 'testTask', 'getCabinetStatus', NULL, 0, NULL, 2, '2021-10-14 02:40:00');
INSERT INTO `schedule_job_log` VALUES (671, 1, 'testTask', 'restSendRequestInfo', NULL, 0, NULL, 2, '2021-10-14 02:40:00');
INSERT INTO `schedule_job_log` VALUES (672, 2, 'testTask', 'getCabinetStatus', NULL, 0, NULL, 2, '2021-10-14 02:48:00');
INSERT INTO `schedule_job_log` VALUES (673, 1, 'testTask', 'restSendRequestInfo', NULL, 0, NULL, 1, '2021-10-14 02:50:00');
INSERT INTO `schedule_job_log` VALUES (674, 2, 'testTask', 'getCabinetStatus', NULL, 0, NULL, 2, '2021-10-14 02:56:00');
INSERT INTO `schedule_job_log` VALUES (675, 1, 'testTask', 'restSendRequestInfo', NULL, 0, NULL, 2, '2021-10-14 03:00:00');
INSERT INTO `schedule_job_log` VALUES (676, 2, 'testTask', 'getCabinetStatus', NULL, 0, NULL, 2, '2021-10-14 03:00:00');
INSERT INTO `schedule_job_log` VALUES (677, 2, 'testTask', 'getCabinetStatus', NULL, 0, NULL, 2, '2021-10-14 03:08:00');
INSERT INTO `schedule_job_log` VALUES (678, 1, 'testTask', 'restSendRequestInfo', NULL, 0, NULL, 2, '2021-10-14 03:10:00');
INSERT INTO `schedule_job_log` VALUES (679, 2, 'testTask', 'getCabinetStatus', NULL, 0, NULL, 2, '2021-10-14 03:16:00');
INSERT INTO `schedule_job_log` VALUES (680, 1, 'testTask', 'restSendRequestInfo', NULL, 0, NULL, 2, '2021-10-14 03:20:00');
INSERT INTO `schedule_job_log` VALUES (681, 2, 'testTask', 'getCabinetStatus', NULL, 0, NULL, 2, '2021-10-14 03:24:00');
INSERT INTO `schedule_job_log` VALUES (682, 1, 'testTask', 'restSendRequestInfo', NULL, 0, NULL, 1, '2021-10-14 03:30:00');
INSERT INTO `schedule_job_log` VALUES (683, 2, 'testTask', 'getCabinetStatus', NULL, 0, NULL, 2, '2021-10-14 03:32:00');
INSERT INTO `schedule_job_log` VALUES (684, 1, 'testTask', 'restSendRequestInfo', NULL, 0, NULL, 2, '2021-10-14 03:40:00');
INSERT INTO `schedule_job_log` VALUES (685, 2, 'testTask', 'getCabinetStatus', NULL, 0, NULL, 1, '2021-10-14 03:40:00');
INSERT INTO `schedule_job_log` VALUES (686, 2, 'testTask', 'getCabinetStatus', NULL, 0, NULL, 2, '2021-10-14 03:48:00');
INSERT INTO `schedule_job_log` VALUES (687, 1, 'testTask', 'restSendRequestInfo', NULL, 0, NULL, 1, '2021-10-14 03:50:00');
INSERT INTO `schedule_job_log` VALUES (688, 2, 'testTask', 'getCabinetStatus', NULL, 0, NULL, 2, '2021-10-14 03:56:00');
INSERT INTO `schedule_job_log` VALUES (689, 1, 'testTask', 'restSendRequestInfo', NULL, 0, NULL, 2, '2021-10-14 04:00:00');
INSERT INTO `schedule_job_log` VALUES (690, 2, 'testTask', 'getCabinetStatus', NULL, 0, NULL, 2, '2021-10-14 04:00:00');
INSERT INTO `schedule_job_log` VALUES (691, 2, 'testTask', 'getCabinetStatus', NULL, 0, NULL, 2, '2021-10-14 04:08:00');
INSERT INTO `schedule_job_log` VALUES (692, 1, 'testTask', 'restSendRequestInfo', NULL, 0, NULL, 2, '2021-10-14 04:10:00');
INSERT INTO `schedule_job_log` VALUES (693, 2, 'testTask', 'getCabinetStatus', NULL, 0, NULL, 1, '2021-10-14 04:16:00');
INSERT INTO `schedule_job_log` VALUES (694, 1, 'testTask', 'restSendRequestInfo', NULL, 0, NULL, 1, '2021-10-14 04:20:00');
INSERT INTO `schedule_job_log` VALUES (695, 2, 'testTask', 'getCabinetStatus', NULL, 0, NULL, 2, '2021-10-14 04:24:00');
INSERT INTO `schedule_job_log` VALUES (696, 1, 'testTask', 'restSendRequestInfo', NULL, 0, NULL, 2, '2021-10-14 04:30:00');
INSERT INTO `schedule_job_log` VALUES (697, 2, 'testTask', 'getCabinetStatus', NULL, 0, NULL, 1, '2021-10-14 04:32:00');
INSERT INTO `schedule_job_log` VALUES (698, 1, 'testTask', 'restSendRequestInfo', NULL, 0, NULL, 2, '2021-10-14 04:40:00');
INSERT INTO `schedule_job_log` VALUES (699, 2, 'testTask', 'getCabinetStatus', NULL, 0, NULL, 3, '2021-10-14 04:40:00');
INSERT INTO `schedule_job_log` VALUES (700, 2, 'testTask', 'getCabinetStatus', NULL, 0, NULL, 1, '2021-10-14 04:48:00');
INSERT INTO `schedule_job_log` VALUES (701, 1, 'testTask', 'restSendRequestInfo', NULL, 0, NULL, 2, '2021-10-14 04:50:00');
INSERT INTO `schedule_job_log` VALUES (702, 2, 'testTask', 'getCabinetStatus', NULL, 0, NULL, 2, '2021-10-14 04:56:00');
INSERT INTO `schedule_job_log` VALUES (703, 1, 'testTask', 'restSendRequestInfo', NULL, 0, NULL, 1, '2021-10-14 05:00:00');
INSERT INTO `schedule_job_log` VALUES (704, 2, 'testTask', 'getCabinetStatus', NULL, 0, NULL, 2, '2021-10-14 05:00:00');
INSERT INTO `schedule_job_log` VALUES (705, 2, 'testTask', 'getCabinetStatus', NULL, 0, NULL, 2, '2021-10-14 05:08:00');
INSERT INTO `schedule_job_log` VALUES (706, 1, 'testTask', 'restSendRequestInfo', NULL, 0, NULL, 1, '2021-10-14 05:10:00');
INSERT INTO `schedule_job_log` VALUES (707, 2, 'testTask', 'getCabinetStatus', NULL, 0, NULL, 1, '2021-10-14 05:16:00');
INSERT INTO `schedule_job_log` VALUES (708, 1, 'testTask', 'restSendRequestInfo', NULL, 0, NULL, 2, '2021-10-14 05:20:00');
INSERT INTO `schedule_job_log` VALUES (709, 2, 'testTask', 'getCabinetStatus', NULL, 0, NULL, 1, '2021-10-14 05:24:00');
INSERT INTO `schedule_job_log` VALUES (710, 1, 'testTask', 'restSendRequestInfo', NULL, 0, NULL, 2, '2021-10-14 05:30:00');
INSERT INTO `schedule_job_log` VALUES (711, 2, 'testTask', 'getCabinetStatus', NULL, 0, NULL, 1, '2021-10-14 05:32:00');
INSERT INTO `schedule_job_log` VALUES (712, 1, 'testTask', 'restSendRequestInfo', NULL, 0, NULL, 2, '2021-10-14 05:40:00');
INSERT INTO `schedule_job_log` VALUES (713, 2, 'testTask', 'getCabinetStatus', NULL, 0, NULL, 2, '2021-10-14 05:40:00');
INSERT INTO `schedule_job_log` VALUES (714, 2, 'testTask', 'getCabinetStatus', NULL, 0, NULL, 2, '2021-10-14 05:48:00');
INSERT INTO `schedule_job_log` VALUES (715, 1, 'testTask', 'restSendRequestInfo', NULL, 0, NULL, 2, '2021-10-14 05:50:00');
INSERT INTO `schedule_job_log` VALUES (716, 2, 'testTask', 'getCabinetStatus', NULL, 0, NULL, 2, '2021-10-14 05:56:00');
INSERT INTO `schedule_job_log` VALUES (717, 1, 'testTask', 'restSendRequestInfo', NULL, 0, NULL, 2, '2021-10-14 06:00:00');
INSERT INTO `schedule_job_log` VALUES (718, 2, 'testTask', 'getCabinetStatus', NULL, 0, NULL, 2, '2021-10-14 06:00:00');
INSERT INTO `schedule_job_log` VALUES (719, 2, 'testTask', 'getCabinetStatus', NULL, 0, NULL, 2, '2021-10-14 06:08:00');
INSERT INTO `schedule_job_log` VALUES (720, 1, 'testTask', 'restSendRequestInfo', NULL, 0, NULL, 2, '2021-10-14 06:10:00');
INSERT INTO `schedule_job_log` VALUES (721, 2, 'testTask', 'getCabinetStatus', NULL, 0, NULL, 2, '2021-10-14 06:16:00');
INSERT INTO `schedule_job_log` VALUES (722, 1, 'testTask', 'restSendRequestInfo', NULL, 0, NULL, 2, '2021-10-14 06:20:00');
INSERT INTO `schedule_job_log` VALUES (723, 2, 'testTask', 'getCabinetStatus', NULL, 0, NULL, 2, '2021-10-14 06:24:00');
INSERT INTO `schedule_job_log` VALUES (724, 1, 'testTask', 'restSendRequestInfo', NULL, 0, NULL, 2, '2021-10-14 06:30:00');
INSERT INTO `schedule_job_log` VALUES (725, 2, 'testTask', 'getCabinetStatus', NULL, 0, NULL, 1, '2021-10-14 06:32:00');
INSERT INTO `schedule_job_log` VALUES (726, 1, 'testTask', 'restSendRequestInfo', NULL, 0, NULL, 2, '2021-10-14 06:40:00');
INSERT INTO `schedule_job_log` VALUES (727, 2, 'testTask', 'getCabinetStatus', NULL, 0, NULL, 2, '2021-10-14 06:40:00');
INSERT INTO `schedule_job_log` VALUES (728, 2, 'testTask', 'getCabinetStatus', NULL, 0, NULL, 2, '2021-10-14 06:48:00');
INSERT INTO `schedule_job_log` VALUES (729, 1, 'testTask', 'restSendRequestInfo', NULL, 0, NULL, 2, '2021-10-14 06:50:00');
INSERT INTO `schedule_job_log` VALUES (730, 2, 'testTask', 'getCabinetStatus', NULL, 0, NULL, 2, '2021-10-14 06:56:00');
INSERT INTO `schedule_job_log` VALUES (731, 1, 'testTask', 'restSendRequestInfo', NULL, 0, NULL, 2, '2021-10-14 07:00:00');
INSERT INTO `schedule_job_log` VALUES (732, 2, 'testTask', 'getCabinetStatus', NULL, 0, NULL, 1, '2021-10-14 07:00:00');
INSERT INTO `schedule_job_log` VALUES (733, 2, 'testTask', 'getCabinetStatus', NULL, 0, NULL, 1, '2021-10-14 07:08:00');
INSERT INTO `schedule_job_log` VALUES (734, 1, 'testTask', 'restSendRequestInfo', NULL, 0, NULL, 2, '2021-10-14 07:10:00');
INSERT INTO `schedule_job_log` VALUES (735, 2, 'testTask', 'getCabinetStatus', NULL, 0, NULL, 2, '2021-10-14 07:16:00');
INSERT INTO `schedule_job_log` VALUES (736, 1, 'testTask', 'restSendRequestInfo', NULL, 0, NULL, 2, '2021-10-14 07:20:00');
INSERT INTO `schedule_job_log` VALUES (737, 2, 'testTask', 'getCabinetStatus', NULL, 0, NULL, 2, '2021-10-14 07:24:00');
INSERT INTO `schedule_job_log` VALUES (738, 1, 'testTask', 'restSendRequestInfo', NULL, 0, NULL, 2, '2021-10-14 07:30:00');
INSERT INTO `schedule_job_log` VALUES (739, 2, 'testTask', 'getCabinetStatus', NULL, 0, NULL, 1, '2021-10-14 07:32:00');
INSERT INTO `schedule_job_log` VALUES (740, 1, 'testTask', 'restSendRequestInfo', NULL, 0, NULL, 3, '2021-10-14 07:40:00');
INSERT INTO `schedule_job_log` VALUES (741, 2, 'testTask', 'getCabinetStatus', NULL, 0, NULL, 2, '2021-10-14 07:40:00');
INSERT INTO `schedule_job_log` VALUES (742, 2, 'testTask', 'getCabinetStatus', NULL, 0, NULL, 2, '2021-10-14 07:48:00');
INSERT INTO `schedule_job_log` VALUES (743, 1, 'testTask', 'restSendRequestInfo', NULL, 0, NULL, 2, '2021-10-14 07:50:00');
INSERT INTO `schedule_job_log` VALUES (744, 2, 'testTask', 'getCabinetStatus', NULL, 0, NULL, 2, '2021-10-14 07:56:00');
INSERT INTO `schedule_job_log` VALUES (745, 1, 'testTask', 'restSendRequestInfo', NULL, 0, NULL, 3, '2021-10-14 08:00:00');
INSERT INTO `schedule_job_log` VALUES (746, 2, 'testTask', 'getCabinetStatus', NULL, 0, NULL, 1, '2021-10-14 08:00:00');
INSERT INTO `schedule_job_log` VALUES (747, 2, 'testTask', 'getCabinetStatus', NULL, 0, NULL, 2, '2021-10-14 08:08:00');
INSERT INTO `schedule_job_log` VALUES (748, 1, 'testTask', 'restSendRequestInfo', NULL, 0, NULL, 2, '2021-10-14 08:10:00');
INSERT INTO `schedule_job_log` VALUES (749, 2, 'testTask', 'getCabinetStatus', NULL, 0, NULL, 2, '2021-10-14 08:16:00');
INSERT INTO `schedule_job_log` VALUES (750, 1, 'testTask', 'restSendRequestInfo', NULL, 0, NULL, 2, '2021-10-14 08:20:00');
INSERT INTO `schedule_job_log` VALUES (751, 2, 'testTask', 'getCabinetStatus', NULL, 0, NULL, 2, '2021-10-14 08:24:00');
INSERT INTO `schedule_job_log` VALUES (752, 1, 'testTask', 'restSendRequestInfo', NULL, 0, NULL, 2, '2021-10-14 08:30:00');
INSERT INTO `schedule_job_log` VALUES (753, 2, 'testTask', 'getCabinetStatus', NULL, 0, NULL, 2, '2021-10-14 08:32:00');
INSERT INTO `schedule_job_log` VALUES (754, 1, 'testTask', 'restSendRequestInfo', NULL, 0, NULL, 2, '2021-10-14 08:40:00');
INSERT INTO `schedule_job_log` VALUES (755, 2, 'testTask', 'getCabinetStatus', NULL, 0, NULL, 2, '2021-10-14 08:40:00');
INSERT INTO `schedule_job_log` VALUES (756, 2, 'testTask', 'getCabinetStatus', NULL, 0, NULL, 2, '2021-10-14 08:48:00');
INSERT INTO `schedule_job_log` VALUES (757, 1, 'testTask', 'restSendRequestInfo', NULL, 0, NULL, 2, '2021-10-14 08:50:00');
INSERT INTO `schedule_job_log` VALUES (758, 2, 'testTask', 'getCabinetStatus', NULL, 0, NULL, 2, '2021-10-14 08:56:00');
INSERT INTO `schedule_job_log` VALUES (759, 1, 'testTask', 'restSendRequestInfo', NULL, 0, NULL, 2, '2021-10-14 09:00:00');
INSERT INTO `schedule_job_log` VALUES (760, 2, 'testTask', 'getCabinetStatus', NULL, 0, NULL, 1, '2021-10-14 09:00:00');
INSERT INTO `schedule_job_log` VALUES (761, 2, 'testTask', 'getCabinetStatus', NULL, 0, NULL, 2, '2021-10-14 09:08:00');
INSERT INTO `schedule_job_log` VALUES (762, 1, 'testTask', 'restSendRequestInfo', NULL, 0, NULL, 2, '2021-10-14 09:10:00');
INSERT INTO `schedule_job_log` VALUES (763, 2, 'testTask', 'getCabinetStatus', NULL, 0, NULL, 1, '2021-10-14 09:16:00');
INSERT INTO `schedule_job_log` VALUES (764, 1, 'testTask', 'restSendRequestInfo', NULL, 0, NULL, 3, '2021-10-14 09:20:00');
INSERT INTO `schedule_job_log` VALUES (765, 1, 'testTask', 'restSendRequestInfo', NULL, 0, NULL, 2, '2021-10-14 09:30:00');
INSERT INTO `schedule_job_log` VALUES (766, 2, 'testTask', 'getCabinetStatus', NULL, 0, NULL, 3, '2021-10-14 09:32:00');
INSERT INTO `schedule_job_log` VALUES (767, 1, 'testTask', 'restSendRequestInfo', NULL, 0, NULL, 3, '2021-10-14 09:40:00');
INSERT INTO `schedule_job_log` VALUES (768, 2, 'testTask', 'getCabinetStatus', NULL, 0, NULL, 1, '2021-10-14 09:40:00');
INSERT INTO `schedule_job_log` VALUES (769, 2, 'testTask', 'getCabinetStatus', NULL, 0, NULL, 4, '2021-10-14 09:48:00');
INSERT INTO `schedule_job_log` VALUES (770, 1, 'testTask', 'restSendRequestInfo', NULL, 0, NULL, 3, '2021-10-14 09:50:00');
INSERT INTO `schedule_job_log` VALUES (771, 2, 'testTask', 'getCabinetStatus', NULL, 0, NULL, 3, '2021-10-14 09:56:00');
INSERT INTO `schedule_job_log` VALUES (772, 1, 'testTask', 'restSendRequestInfo', NULL, 0, NULL, 2, '2021-10-14 10:00:00');
INSERT INTO `schedule_job_log` VALUES (773, 2, 'testTask', 'getCabinetStatus', NULL, 0, NULL, 1, '2021-10-14 10:00:00');
INSERT INTO `schedule_job_log` VALUES (774, 2, 'testTask', 'getCabinetStatus', NULL, 0, NULL, 3, '2021-10-14 10:08:00');
INSERT INTO `schedule_job_log` VALUES (775, 1, 'testTask', 'restSendRequestInfo', NULL, 0, NULL, 1, '2021-10-14 10:10:00');
INSERT INTO `schedule_job_log` VALUES (776, 2, 'testTask', 'getCabinetStatus', NULL, 0, NULL, 28, '2021-10-14 10:16:00');
INSERT INTO `schedule_job_log` VALUES (777, 1, 'testTask', 'restSendRequestInfo', NULL, 0, NULL, 4, '2021-10-14 10:20:00');
INSERT INTO `schedule_job_log` VALUES (778, 2, 'testTask', 'getCabinetStatus', NULL, 0, NULL, 3, '2021-10-14 10:24:00');
INSERT INTO `schedule_job_log` VALUES (779, 2, 'testTask', 'getCabinetStatus', NULL, 0, NULL, 1, '2021-10-14 11:00:00');
INSERT INTO `schedule_job_log` VALUES (780, 1, 'testTask', 'restSendRequestInfo', NULL, 0, NULL, 4, '2021-10-14 11:00:00');
INSERT INTO `schedule_job_log` VALUES (781, 2, 'testTask', 'getCabinetStatus', NULL, 0, NULL, 7, '2021-10-14 11:08:00');
INSERT INTO `schedule_job_log` VALUES (782, 1, 'testTask', 'restSendRequestInfo', NULL, 0, NULL, 3, '2021-10-14 11:10:00');
INSERT INTO `schedule_job_log` VALUES (783, 2, 'testTask', 'getCabinetStatus', NULL, 0, NULL, 3, '2021-10-14 11:16:00');
INSERT INTO `schedule_job_log` VALUES (784, 1, 'testTask', 'restSendRequestInfo', NULL, 0, NULL, 3, '2021-10-14 11:20:00');
INSERT INTO `schedule_job_log` VALUES (785, 2, 'testTask', 'getCabinetStatus', NULL, 0, NULL, 5, '2021-10-14 11:24:00');
INSERT INTO `schedule_job_log` VALUES (786, 1, 'testTask', 'restSendRequestInfo', NULL, 0, NULL, 3, '2021-10-14 11:30:00');
INSERT INTO `schedule_job_log` VALUES (787, 2, 'testTask', 'getCabinetStatus', NULL, 0, NULL, 4, '2021-10-14 11:32:00');
INSERT INTO `schedule_job_log` VALUES (788, 1, 'testTask', 'restSendRequestInfo', NULL, 0, NULL, 6, '2021-10-14 11:40:00');
INSERT INTO `schedule_job_log` VALUES (789, 2, 'testTask', 'getCabinetStatus', NULL, 0, NULL, 2, '2021-10-14 11:40:00');
INSERT INTO `schedule_job_log` VALUES (790, 2, 'testTask', 'getCabinetStatus', NULL, 0, NULL, 3, '2021-10-14 11:48:00');
INSERT INTO `schedule_job_log` VALUES (791, 1, 'testTask', 'restSendRequestInfo', NULL, 0, NULL, 4, '2021-10-14 11:50:00');
INSERT INTO `schedule_job_log` VALUES (792, 2, 'testTask', 'getCabinetStatus', NULL, 0, NULL, 3, '2021-10-14 11:56:00');
INSERT INTO `schedule_job_log` VALUES (793, 2, 'testTask', 'getCabinetStatus', NULL, 0, NULL, 5, '2021-10-14 12:48:00');
INSERT INTO `schedule_job_log` VALUES (794, 1, 'testTask', 'restSendRequestInfo', NULL, 0, NULL, 4, '2021-10-14 12:50:00');
INSERT INTO `schedule_job_log` VALUES (795, 2, 'testTask', 'getCabinetStatus', NULL, 0, NULL, 4, '2021-10-14 13:00:00');
INSERT INTO `schedule_job_log` VALUES (796, 1, 'testTask', 'restSendRequestInfo', NULL, 0, NULL, 3, '2021-10-14 13:00:00');
INSERT INTO `schedule_job_log` VALUES (797, 2, 'testTask', 'getCabinetStatus', NULL, 0, NULL, 4, '2021-10-14 13:08:00');
INSERT INTO `schedule_job_log` VALUES (798, 1, 'testTask', 'restSendRequestInfo', NULL, 0, NULL, 4, '2021-10-14 13:10:00');
INSERT INTO `schedule_job_log` VALUES (799, 2, 'testTask', 'getCabinetStatus', NULL, 0, NULL, 4, '2021-10-14 13:16:00');
INSERT INTO `schedule_job_log` VALUES (800, 1, 'testTask', 'restSendRequestInfo', NULL, 0, NULL, 2, '2021-10-14 13:30:00');
INSERT INTO `schedule_job_log` VALUES (801, 1, 'testTask', 'restSendRequestInfo', NULL, 0, NULL, 3, '2021-10-14 13:40:00');
INSERT INTO `schedule_job_log` VALUES (802, 2, 'testTask', 'getCabinetStatus', NULL, 0, NULL, 2, '2021-10-14 13:40:00');
INSERT INTO `schedule_job_log` VALUES (803, 2, 'testTask', 'getCabinetStatus', NULL, 0, NULL, 3, '2021-10-14 13:48:00');
INSERT INTO `schedule_job_log` VALUES (804, 1, 'testTask', 'restSendRequestInfo', NULL, 0, NULL, 4, '2021-10-14 13:50:00');
INSERT INTO `schedule_job_log` VALUES (805, 2, 'testTask', 'getCabinetStatus', NULL, 0, NULL, 2, '2021-10-14 13:56:00');
INSERT INTO `schedule_job_log` VALUES (806, 1, 'testTask', 'restSendRequestInfo', NULL, 0, NULL, 4, '2021-10-14 14:00:00');
INSERT INTO `schedule_job_log` VALUES (807, 2, 'testTask', 'getCabinetStatus', NULL, 0, NULL, 1, '2021-10-14 14:00:00');
INSERT INTO `schedule_job_log` VALUES (808, 2, 'testTask', 'getCabinetStatus', NULL, 0, NULL, 3, '2021-10-14 14:08:00');
INSERT INTO `schedule_job_log` VALUES (809, 1, 'testTask', 'restSendRequestInfo', NULL, 0, NULL, 4, '2021-10-14 14:10:00');
INSERT INTO `schedule_job_log` VALUES (810, 2, 'testTask', 'getCabinetStatus', NULL, 0, NULL, 4, '2021-10-14 14:16:00');
INSERT INTO `schedule_job_log` VALUES (811, 1, 'testTask', 'restSendRequestInfo', NULL, 0, NULL, 43, '2021-10-14 14:20:00');
INSERT INTO `schedule_job_log` VALUES (812, 2, 'testTask', 'getCabinetStatus', NULL, 0, NULL, 5, '2021-10-14 14:24:00');
INSERT INTO `schedule_job_log` VALUES (813, 1, 'testTask', 'restSendRequestInfo', NULL, 0, NULL, 4, '2021-10-14 14:30:00');
INSERT INTO `schedule_job_log` VALUES (814, 2, 'testTask', 'getCabinetStatus', NULL, 0, NULL, 6, '2021-10-14 14:32:00');
INSERT INTO `schedule_job_log` VALUES (815, 1, 'testTask', 'restSendRequestInfo', NULL, 0, NULL, 5, '2021-10-14 14:40:00');
INSERT INTO `schedule_job_log` VALUES (816, 2, 'testTask', 'getCabinetStatus', NULL, 0, NULL, 2, '2021-10-14 14:40:00');
INSERT INTO `schedule_job_log` VALUES (817, 2, 'testTask', 'getCabinetStatus', NULL, 0, NULL, 2, '2021-10-14 14:48:00');
INSERT INTO `schedule_job_log` VALUES (818, 1, 'testTask', 'restSendRequestInfo', NULL, 0, NULL, 4, '2021-10-14 14:50:00');
INSERT INTO `schedule_job_log` VALUES (819, 2, 'testTask', 'getCabinetStatus', NULL, 0, NULL, 4, '2021-10-14 14:56:00');
INSERT INTO `schedule_job_log` VALUES (820, 1, 'testTask', 'restSendRequestInfo', NULL, 0, NULL, 3, '2021-10-14 15:00:00');
INSERT INTO `schedule_job_log` VALUES (821, 2, 'testTask', 'getCabinetStatus', NULL, 0, NULL, 2, '2021-10-14 15:00:00');
INSERT INTO `schedule_job_log` VALUES (822, 2, 'testTask', 'getCabinetStatus', NULL, 0, NULL, 8, '2021-10-14 15:08:00');
INSERT INTO `schedule_job_log` VALUES (823, 1, 'testTask', 'restSendRequestInfo', NULL, 0, NULL, 4, '2021-10-14 15:10:00');
INSERT INTO `schedule_job_log` VALUES (824, 2, 'testTask', 'getCabinetStatus', NULL, 0, NULL, 4, '2021-10-14 15:16:00');
INSERT INTO `schedule_job_log` VALUES (825, 1, 'testTask', 'restSendRequestInfo', NULL, 0, NULL, 4, '2021-10-14 15:20:00');
INSERT INTO `schedule_job_log` VALUES (826, 2, 'testTask', 'getCabinetStatus', NULL, 0, NULL, 4, '2021-10-14 15:24:00');
INSERT INTO `schedule_job_log` VALUES (827, 1, 'testTask', 'restSendRequestInfo', NULL, 0, NULL, 3, '2021-10-14 15:30:00');
INSERT INTO `schedule_job_log` VALUES (828, 2, 'testTask', 'getCabinetStatus', NULL, 0, NULL, 4, '2021-10-14 15:32:00');
INSERT INTO `schedule_job_log` VALUES (829, 1, 'testTask', 'restSendRequestInfo', NULL, 0, NULL, 5, '2021-10-14 15:40:00');
INSERT INTO `schedule_job_log` VALUES (830, 2, 'testTask', 'getCabinetStatus', NULL, 0, NULL, 2, '2021-10-14 15:40:00');
INSERT INTO `schedule_job_log` VALUES (831, 2, 'testTask', 'getCabinetStatus', NULL, 0, NULL, 3, '2021-10-14 15:48:00');
INSERT INTO `schedule_job_log` VALUES (832, 2, 'testTask', 'getCabinetStatus', NULL, 0, NULL, 2, '2021-10-14 15:56:00');
INSERT INTO `schedule_job_log` VALUES (833, 1, 'testTask', 'restSendRequestInfo', NULL, 0, NULL, 4, '2021-10-14 16:00:00');
INSERT INTO `schedule_job_log` VALUES (834, 2, 'testTask', 'getCabinetStatus', NULL, 0, NULL, 4, '2021-10-14 16:00:00');
INSERT INTO `schedule_job_log` VALUES (835, 2, 'testTask', 'getCabinetStatus', NULL, 0, NULL, 2, '2021-10-14 16:08:02');
INSERT INTO `schedule_job_log` VALUES (836, 1, 'testTask', 'restSendRequestInfo', NULL, 0, NULL, 1, '2021-10-14 16:10:00');
INSERT INTO `schedule_job_log` VALUES (837, 2, 'testTask', 'getCabinetStatus', NULL, 0, NULL, 1, '2021-10-14 16:16:00');
INSERT INTO `schedule_job_log` VALUES (838, 1, 'testTask', 'restSendRequestInfo', NULL, 0, NULL, 2, '2021-10-14 16:20:00');
INSERT INTO `schedule_job_log` VALUES (839, 2, 'testTask', 'getCabinetStatus', NULL, 0, NULL, 2, '2021-10-14 16:24:00');
INSERT INTO `schedule_job_log` VALUES (840, 1, 'testTask', 'restSendRequestInfo', NULL, 0, NULL, 2, '2021-10-14 16:30:00');
INSERT INTO `schedule_job_log` VALUES (841, 2, 'testTask', 'getCabinetStatus', NULL, 0, NULL, 2, '2021-10-14 16:32:00');
INSERT INTO `schedule_job_log` VALUES (842, 1, 'testTask', 'restSendRequestInfo', NULL, 0, NULL, 2, '2021-10-14 16:40:00');
INSERT INTO `schedule_job_log` VALUES (843, 2, 'testTask', 'getCabinetStatus', NULL, 0, NULL, 1, '2021-10-14 16:40:00');
INSERT INTO `schedule_job_log` VALUES (844, 2, 'testTask', 'getCabinetStatus', NULL, 0, NULL, 1, '2021-10-14 16:48:00');
INSERT INTO `schedule_job_log` VALUES (845, 1, 'testTask', 'restSendRequestInfo', NULL, 0, NULL, 2, '2021-10-14 16:50:00');
INSERT INTO `schedule_job_log` VALUES (846, 2, 'testTask', 'getCabinetStatus', NULL, 0, NULL, 2, '2021-10-14 16:56:00');
INSERT INTO `schedule_job_log` VALUES (847, 1, 'testTask', 'restSendRequestInfo', NULL, 0, NULL, 7, '2021-10-14 17:00:00');
INSERT INTO `schedule_job_log` VALUES (848, 2, 'testTask', 'getCabinetStatus', NULL, 0, NULL, 3, '2021-10-14 17:00:00');
INSERT INTO `schedule_job_log` VALUES (849, 2, 'testTask', 'getCabinetStatus', NULL, 0, NULL, 4, '2021-10-14 17:08:00');
INSERT INTO `schedule_job_log` VALUES (850, 1, 'testTask', 'restSendRequestInfo', NULL, 0, NULL, 2, '2021-10-14 17:10:00');
INSERT INTO `schedule_job_log` VALUES (851, 2, 'testTask', 'getCabinetStatus', NULL, 0, NULL, 3, '2021-10-14 17:16:00');
INSERT INTO `schedule_job_log` VALUES (852, 1, 'testTask', 'restSendRequestInfo', NULL, 0, NULL, 2, '2021-10-14 17:20:00');
INSERT INTO `schedule_job_log` VALUES (853, 2, 'testTask', 'getCabinetStatus', NULL, 0, NULL, 2, '2021-10-14 17:24:00');
INSERT INTO `schedule_job_log` VALUES (854, 1, 'testTask', 'restSendRequestInfo', NULL, 0, NULL, 3, '2021-10-14 17:30:00');
INSERT INTO `schedule_job_log` VALUES (855, 2, 'testTask', 'getCabinetStatus', NULL, 0, NULL, 3, '2021-10-14 17:32:00');
INSERT INTO `schedule_job_log` VALUES (856, 1, 'testTask', 'restSendRequestInfo', NULL, 0, NULL, 2, '2021-10-14 17:40:00');
INSERT INTO `schedule_job_log` VALUES (857, 2, 'testTask', 'getCabinetStatus', NULL, 0, NULL, 1, '2021-10-14 17:40:00');
INSERT INTO `schedule_job_log` VALUES (858, 2, 'testTask', 'getCabinetStatus', NULL, 0, NULL, 8, '2021-10-14 17:48:00');
INSERT INTO `schedule_job_log` VALUES (859, 1, 'testTask', 'restSendRequestInfo', NULL, 0, NULL, 3, '2021-10-14 17:50:00');
INSERT INTO `schedule_job_log` VALUES (860, 2, 'testTask', 'getCabinetStatus', NULL, 0, NULL, 5, '2021-10-14 17:56:00');
INSERT INTO `schedule_job_log` VALUES (861, 1, 'testTask', 'restSendRequestInfo', NULL, 0, NULL, 3, '2021-10-14 18:00:00');
INSERT INTO `schedule_job_log` VALUES (862, 2, 'testTask', 'getCabinetStatus', NULL, 0, NULL, 3, '2021-10-14 18:00:00');
INSERT INTO `schedule_job_log` VALUES (863, 2, 'testTask', 'getCabinetStatus', NULL, 0, NULL, 3, '2021-10-14 18:08:00');
INSERT INTO `schedule_job_log` VALUES (864, 1, 'testTask', 'restSendRequestInfo', NULL, 0, NULL, 3, '2021-10-14 18:10:00');
INSERT INTO `schedule_job_log` VALUES (865, 2, 'testTask', 'getCabinetStatus', NULL, 0, NULL, 2, '2021-10-14 18:16:00');
INSERT INTO `schedule_job_log` VALUES (866, 1, 'testTask', 'restSendRequestInfo', NULL, 0, NULL, 3, '2021-10-14 18:20:00');
INSERT INTO `schedule_job_log` VALUES (867, 2, 'testTask', 'getCabinetStatus', NULL, 0, NULL, 3, '2021-10-14 18:24:00');
INSERT INTO `schedule_job_log` VALUES (868, 1, 'testTask', 'restSendRequestInfo', NULL, 0, NULL, 5, '2021-10-14 18:30:00');
INSERT INTO `schedule_job_log` VALUES (869, 2, 'testTask', 'getCabinetStatus', NULL, 0, NULL, 3, '2021-10-14 18:32:00');
INSERT INTO `schedule_job_log` VALUES (870, 2, 'testTask', 'getCabinetStatus', NULL, 0, NULL, 2, '2021-10-15 09:16:00');
INSERT INTO `schedule_job_log` VALUES (871, 1, 'testTask', 'restSendRequestInfo', NULL, 0, NULL, 2, '2021-10-15 09:20:00');
INSERT INTO `schedule_job_log` VALUES (872, 2, 'testTask', 'getCabinetStatus', NULL, 0, NULL, 22, '2021-10-15 09:24:00');
INSERT INTO `schedule_job_log` VALUES (873, 1, 'testTask', 'restSendRequestInfo', NULL, 0, NULL, 3, '2021-10-15 09:30:00');
INSERT INTO `schedule_job_log` VALUES (874, 1, 'testTask', 'restSendRequestInfo', NULL, 0, NULL, 2, '2021-10-15 09:40:00');
INSERT INTO `schedule_job_log` VALUES (875, 2, 'testTask', 'getCabinetStatus', NULL, 0, NULL, 1, '2021-10-15 09:40:00');
INSERT INTO `schedule_job_log` VALUES (876, 2, 'testTask', 'getCabinetStatus', NULL, 0, NULL, 2, '2021-10-15 09:48:00');
INSERT INTO `schedule_job_log` VALUES (877, 1, 'testTask', 'restSendRequestInfo', NULL, 0, NULL, 2, '2021-10-15 09:50:00');
INSERT INTO `schedule_job_log` VALUES (878, 1, 'testTask', 'restSendRequestInfo', NULL, 0, NULL, 22570, '2021-10-15 10:00:00');
INSERT INTO `schedule_job_log` VALUES (879, 2, 'testTask', 'getCabinetStatus', NULL, 0, NULL, 22552, '2021-10-15 10:00:00');
INSERT INTO `schedule_job_log` VALUES (880, 2, 'testTask', 'getCabinetStatus', NULL, 0, NULL, 2, '2021-10-15 10:08:00');
INSERT INTO `schedule_job_log` VALUES (881, 1, 'testTask', 'restSendRequestInfo', NULL, 0, NULL, 2, '2021-10-15 10:10:00');
INSERT INTO `schedule_job_log` VALUES (882, 2, 'testTask', 'getCabinetStatus', NULL, 0, NULL, 3, '2021-10-15 10:16:00');
INSERT INTO `schedule_job_log` VALUES (883, 1, 'testTask', 'restSendRequestInfo', NULL, 0, NULL, 3, '2021-10-15 10:20:00');
INSERT INTO `schedule_job_log` VALUES (884, 2, 'testTask', 'getCabinetStatus', NULL, 0, NULL, 2, '2021-10-15 10:24:00');
INSERT INTO `schedule_job_log` VALUES (885, 1, 'testTask', 'restSendRequestInfo', NULL, 0, NULL, 2, '2021-10-15 10:30:00');
INSERT INTO `schedule_job_log` VALUES (886, 2, 'testTask', 'getCabinetStatus', NULL, 0, NULL, 2, '2021-10-15 10:32:00');
INSERT INTO `schedule_job_log` VALUES (887, 1, 'testTask', 'restSendRequestInfo', NULL, 0, NULL, 2, '2021-10-15 10:40:00');
INSERT INTO `schedule_job_log` VALUES (888, 2, 'testTask', 'getCabinetStatus', NULL, 0, NULL, 0, '2021-10-15 10:40:00');
INSERT INTO `schedule_job_log` VALUES (889, 2, 'testTask', 'getCabinetStatus', NULL, 0, NULL, 2, '2021-10-15 10:48:00');
INSERT INTO `schedule_job_log` VALUES (890, 1, 'testTask', 'restSendRequestInfo', NULL, 0, NULL, 1, '2021-10-15 10:50:00');
INSERT INTO `schedule_job_log` VALUES (891, 2, 'testTask', 'getCabinetStatus', NULL, 0, NULL, 2, '2021-10-15 10:56:00');
INSERT INTO `schedule_job_log` VALUES (892, 1, 'testTask', 'restSendRequestInfo', NULL, 0, NULL, 2, '2021-10-15 11:00:00');
INSERT INTO `schedule_job_log` VALUES (893, 2, 'testTask', 'getCabinetStatus', NULL, 0, NULL, 1, '2021-10-15 11:00:00');
INSERT INTO `schedule_job_log` VALUES (894, 2, 'testTask', 'getCabinetStatus', NULL, 0, NULL, 1, '2021-10-15 11:48:00');
INSERT INTO `schedule_job_log` VALUES (895, 1, 'testTask', 'restSendRequestInfo', NULL, 0, NULL, 6, '2021-10-15 11:50:00');
INSERT INTO `schedule_job_log` VALUES (896, 2, 'testTask', 'getCabinetStatus', NULL, 0, NULL, 5, '2021-10-15 11:56:00');
INSERT INTO `schedule_job_log` VALUES (897, 1, 'testTask', 'restSendRequestInfo', NULL, 0, NULL, 2, '2021-10-15 12:00:00');
INSERT INTO `schedule_job_log` VALUES (898, 2, 'testTask', 'getCabinetStatus', NULL, 0, NULL, 1, '2021-10-15 12:00:00');
INSERT INTO `schedule_job_log` VALUES (899, 2, 'testTask', 'getCabinetStatus', NULL, 0, NULL, 2, '2021-10-15 12:08:00');
INSERT INTO `schedule_job_log` VALUES (900, 1, 'testTask', 'restSendRequestInfo', NULL, 0, NULL, 1, '2021-10-15 12:10:00');
INSERT INTO `schedule_job_log` VALUES (901, 2, 'testTask', 'getCabinetStatus', NULL, 0, NULL, 2, '2021-10-15 12:16:00');
INSERT INTO `schedule_job_log` VALUES (902, 1, 'testTask', 'restSendRequestInfo', NULL, 0, NULL, 90, '2021-10-15 12:20:00');
INSERT INTO `schedule_job_log` VALUES (903, 2, 'testTask', 'getCabinetStatus', NULL, 0, NULL, 1, '2021-10-15 13:08:00');
INSERT INTO `schedule_job_log` VALUES (904, 1, 'testTask', 'restSendRequestInfo', NULL, 0, NULL, 2, '2021-10-15 13:10:00');
INSERT INTO `schedule_job_log` VALUES (905, 1, 'testTask', 'restSendRequestInfo', NULL, 0, NULL, 2, '2021-10-16 09:30:00');
INSERT INTO `schedule_job_log` VALUES (906, 2, 'testTask', 'getCabinetStatus', NULL, 0, NULL, 1, '2021-10-16 09:32:00');
INSERT INTO `schedule_job_log` VALUES (907, 1, 'testTask', 'restSendRequestInfo', NULL, 0, NULL, 1, '2021-10-16 09:40:00');
INSERT INTO `schedule_job_log` VALUES (908, 2, 'testTask', 'getCabinetStatus', NULL, 0, NULL, 1, '2021-10-16 09:40:00');
INSERT INTO `schedule_job_log` VALUES (909, 2, 'testTask', 'getCabinetStatus', NULL, 0, NULL, 2, '2021-10-16 09:48:00');
INSERT INTO `schedule_job_log` VALUES (910, 1, 'testTask', 'restSendRequestInfo', NULL, 0, NULL, 2, '2021-10-16 09:50:00');
INSERT INTO `schedule_job_log` VALUES (911, 2, 'testTask', 'getCabinetStatus', NULL, 0, NULL, 1, '2021-10-16 09:56:00');
INSERT INTO `schedule_job_log` VALUES (912, 1, 'testTask', 'restSendRequestInfo', NULL, 0, NULL, 1, '2021-10-16 10:00:00');
INSERT INTO `schedule_job_log` VALUES (913, 2, 'testTask', 'getCabinetStatus', NULL, 0, NULL, 1, '2021-10-16 10:00:00');
INSERT INTO `schedule_job_log` VALUES (914, 2, 'testTask', 'getCabinetStatus', NULL, 0, NULL, 2, '2021-10-16 10:08:00');
INSERT INTO `schedule_job_log` VALUES (915, 1, 'testTask', 'restSendRequestInfo', NULL, 0, NULL, 2, '2021-10-16 10:10:00');
INSERT INTO `schedule_job_log` VALUES (916, 2, 'testTask', 'getCabinetStatus', NULL, 0, NULL, 2, '2021-10-16 10:16:00');
INSERT INTO `schedule_job_log` VALUES (917, 1, 'testTask', 'restSendRequestInfo', NULL, 0, NULL, 2, '2021-10-16 10:20:00');
INSERT INTO `schedule_job_log` VALUES (918, 2, 'testTask', 'getCabinetStatus', NULL, 0, NULL, 2, '2021-10-16 10:24:00');
INSERT INTO `schedule_job_log` VALUES (919, 1, 'testTask', 'restSendRequestInfo', NULL, 0, NULL, 1, '2021-10-16 10:30:00');
INSERT INTO `schedule_job_log` VALUES (920, 2, 'testTask', 'getCabinetStatus', NULL, 0, NULL, 1, '2021-10-16 10:32:00');
INSERT INTO `schedule_job_log` VALUES (921, 1, 'testTask', 'restSendRequestInfo', NULL, 0, NULL, 4, '2021-10-16 10:40:00');
INSERT INTO `schedule_job_log` VALUES (922, 2, 'testTask', 'getCabinetStatus', NULL, 0, NULL, 1, '2021-10-16 10:40:00');
INSERT INTO `schedule_job_log` VALUES (923, 2, 'testTask', 'getCabinetStatus', NULL, 0, NULL, 2, '2021-10-16 10:48:00');
INSERT INTO `schedule_job_log` VALUES (924, 1, 'testTask', 'restSendRequestInfo', NULL, 0, NULL, 3, '2021-10-16 10:50:00');
INSERT INTO `schedule_job_log` VALUES (925, 2, 'testTask', 'getCabinetStatus', NULL, 0, NULL, 2, '2021-10-16 10:56:00');
INSERT INTO `schedule_job_log` VALUES (926, 1, 'testTask', 'restSendRequestInfo', NULL, 0, NULL, 1, '2021-10-16 11:00:00');
INSERT INTO `schedule_job_log` VALUES (927, 2, 'testTask', 'getCabinetStatus', NULL, 0, NULL, 1, '2021-10-16 11:00:00');
INSERT INTO `schedule_job_log` VALUES (928, 2, 'testTask', 'getCabinetStatus', NULL, 0, NULL, 3, '2021-10-16 11:08:00');
INSERT INTO `schedule_job_log` VALUES (929, 1, 'testTask', 'restSendRequestInfo', NULL, 0, NULL, 1, '2021-10-16 11:10:00');
INSERT INTO `schedule_job_log` VALUES (930, 2, 'testTask', 'getCabinetStatus', NULL, 0, NULL, 1, '2021-10-16 11:16:00');
INSERT INTO `schedule_job_log` VALUES (931, 1, 'testTask', 'restSendRequestInfo', NULL, 0, NULL, 1, '2021-10-16 11:20:00');
INSERT INTO `schedule_job_log` VALUES (932, 2, 'testTask', 'getCabinetStatus', NULL, 0, NULL, 2, '2021-10-16 11:24:00');
INSERT INTO `schedule_job_log` VALUES (933, 2, 'testTask', 'getCabinetStatus', NULL, 0, NULL, 3, '2021-10-16 11:56:00');
INSERT INTO `schedule_job_log` VALUES (934, 1, 'testTask', 'restSendRequestInfo', NULL, 0, NULL, 3, '2021-10-16 12:00:00');
INSERT INTO `schedule_job_log` VALUES (935, 2, 'testTask', 'getCabinetStatus', NULL, 0, NULL, 1, '2021-10-16 12:00:00');
INSERT INTO `schedule_job_log` VALUES (936, 2, 'testTask', 'getCabinetStatus', NULL, 0, NULL, 2, '2021-10-16 12:08:00');
INSERT INTO `schedule_job_log` VALUES (937, 1, 'testTask', 'restSendRequestInfo', NULL, 0, NULL, 1, '2021-10-16 12:10:00');
INSERT INTO `schedule_job_log` VALUES (938, 2, 'testTask', 'getCabinetStatus', NULL, 0, NULL, 0, '2021-10-16 12:16:00');
INSERT INTO `schedule_job_log` VALUES (939, 1, 'testTask', 'restSendRequestInfo', NULL, 0, NULL, 15, '2021-10-16 12:20:00');
INSERT INTO `schedule_job_log` VALUES (940, 2, 'testTask', 'getCabinetStatus', NULL, 0, NULL, 1, '2021-10-16 12:24:00');
INSERT INTO `schedule_job_log` VALUES (941, 1, 'testTask', 'restSendRequestInfo', NULL, 0, NULL, 0, '2021-10-16 12:30:00');
INSERT INTO `schedule_job_log` VALUES (942, 2, 'testTask', 'getCabinetStatus', NULL, 0, NULL, 1, '2021-10-16 12:32:00');
INSERT INTO `schedule_job_log` VALUES (943, 1, 'testTask', 'restSendRequestInfo', NULL, 0, NULL, 1, '2021-10-16 12:40:00');
INSERT INTO `schedule_job_log` VALUES (944, 2, 'testTask', 'getCabinetStatus', NULL, 0, NULL, 0, '2021-10-16 12:40:00');
INSERT INTO `schedule_job_log` VALUES (945, 2, 'testTask', 'getCabinetStatus', NULL, 0, NULL, 1, '2021-10-16 12:48:00');
INSERT INTO `schedule_job_log` VALUES (946, 1, 'testTask', 'restSendRequestInfo', NULL, 0, NULL, 1, '2021-10-16 12:50:00');
INSERT INTO `schedule_job_log` VALUES (947, 2, 'testTask', 'getCabinetStatus', NULL, 0, NULL, 1, '2021-10-16 12:56:00');
INSERT INTO `schedule_job_log` VALUES (948, 1, 'testTask', 'restSendRequestInfo', NULL, 0, NULL, 1, '2021-10-16 13:00:00');
INSERT INTO `schedule_job_log` VALUES (949, 2, 'testTask', 'getCabinetStatus', NULL, 0, NULL, 1, '2021-10-16 13:00:00');
INSERT INTO `schedule_job_log` VALUES (950, 2, 'testTask', 'getCabinetStatus', NULL, 0, NULL, 1, '2021-10-16 13:08:00');
INSERT INTO `schedule_job_log` VALUES (951, 1, 'testTask', 'restSendRequestInfo', NULL, 0, NULL, 1, '2021-10-16 13:10:00');
INSERT INTO `schedule_job_log` VALUES (952, 2, 'testTask', 'getCabinetStatus', NULL, 0, NULL, 1, '2021-10-16 13:16:00');
INSERT INTO `schedule_job_log` VALUES (953, 1, 'testTask', 'restSendRequestInfo', NULL, 0, NULL, 0, '2021-10-16 13:20:00');
INSERT INTO `schedule_job_log` VALUES (954, 2, 'testTask', 'getCabinetStatus', NULL, 0, NULL, 1, '2021-10-16 13:24:00');
INSERT INTO `schedule_job_log` VALUES (955, 1, 'testTask', 'restSendRequestInfo', NULL, 0, NULL, 0, '2021-10-16 13:30:00');
INSERT INTO `schedule_job_log` VALUES (956, 2, 'testTask', 'getCabinetStatus', NULL, 0, NULL, 1, '2021-10-16 13:32:00');
INSERT INTO `schedule_job_log` VALUES (957, 1, 'testTask', 'restSendRequestInfo', NULL, 0, NULL, 1, '2021-10-16 13:40:00');
INSERT INTO `schedule_job_log` VALUES (958, 2, 'testTask', 'getCabinetStatus', NULL, 0, NULL, 1, '2021-10-16 13:40:00');
INSERT INTO `schedule_job_log` VALUES (959, 2, 'testTask', 'getCabinetStatus', NULL, 0, NULL, 1, '2021-10-16 13:48:00');
INSERT INTO `schedule_job_log` VALUES (960, 1, 'testTask', 'restSendRequestInfo', NULL, 0, NULL, 1, '2021-10-16 13:50:00');
INSERT INTO `schedule_job_log` VALUES (961, 2, 'testTask', 'getCabinetStatus', NULL, 0, NULL, 1, '2021-10-16 13:56:00');
INSERT INTO `schedule_job_log` VALUES (962, 1, 'testTask', 'restSendRequestInfo', NULL, 0, NULL, 1, '2021-10-16 14:00:00');
INSERT INTO `schedule_job_log` VALUES (963, 2, 'testTask', 'getCabinetStatus', NULL, 0, NULL, 0, '2021-10-16 14:00:00');
INSERT INTO `schedule_job_log` VALUES (964, 2, 'testTask', 'getCabinetStatus', NULL, 0, NULL, 1, '2021-10-16 14:08:00');
INSERT INTO `schedule_job_log` VALUES (965, 1, 'testTask', 'restSendRequestInfo', NULL, 0, NULL, 1, '2021-10-16 14:10:00');
INSERT INTO `schedule_job_log` VALUES (966, 2, 'testTask', 'getCabinetStatus', NULL, 0, NULL, 1, '2021-10-16 14:16:00');
INSERT INTO `schedule_job_log` VALUES (967, 1, 'testTask', 'restSendRequestInfo', NULL, 0, NULL, 1, '2021-10-16 14:20:00');
INSERT INTO `schedule_job_log` VALUES (968, 2, 'testTask', 'getCabinetStatus', NULL, 0, NULL, 1, '2021-10-16 14:24:00');
INSERT INTO `schedule_job_log` VALUES (969, 1, 'testTask', 'restSendRequestInfo', NULL, 0, NULL, 1, '2021-10-16 14:30:00');
INSERT INTO `schedule_job_log` VALUES (970, 2, 'testTask', 'getCabinetStatus', NULL, 0, NULL, 1, '2021-10-16 14:32:00');
INSERT INTO `schedule_job_log` VALUES (971, 1, 'testTask', 'restSendRequestInfo', NULL, 0, NULL, 1, '2021-10-16 14:40:00');
INSERT INTO `schedule_job_log` VALUES (972, 2, 'testTask', 'getCabinetStatus', NULL, 0, NULL, 0, '2021-10-16 14:40:00');
INSERT INTO `schedule_job_log` VALUES (973, 2, 'testTask', 'getCabinetStatus', NULL, 0, NULL, 0, '2021-10-16 14:48:00');
INSERT INTO `schedule_job_log` VALUES (974, 1, 'testTask', 'restSendRequestInfo', NULL, 0, NULL, 1, '2021-10-16 14:50:00');
INSERT INTO `schedule_job_log` VALUES (975, 2, 'testTask', 'getCabinetStatus', NULL, 0, NULL, 1, '2021-10-16 14:56:00');
INSERT INTO `schedule_job_log` VALUES (976, 1, 'testTask', 'restSendRequestInfo', NULL, 0, NULL, 1, '2021-10-16 15:00:00');
INSERT INTO `schedule_job_log` VALUES (977, 2, 'testTask', 'getCabinetStatus', NULL, 0, NULL, 1, '2021-10-16 15:00:00');
INSERT INTO `schedule_job_log` VALUES (978, 2, 'testTask', 'getCabinetStatus', NULL, 0, NULL, 1, '2021-10-16 15:08:00');
INSERT INTO `schedule_job_log` VALUES (979, 1, 'testTask', 'restSendRequestInfo', NULL, 0, NULL, 1, '2021-10-16 15:10:00');
INSERT INTO `schedule_job_log` VALUES (980, 2, 'testTask', 'getCabinetStatus', NULL, 0, NULL, 1, '2021-10-16 15:16:00');
INSERT INTO `schedule_job_log` VALUES (981, 1, 'testTask', 'restSendRequestInfo', NULL, 0, NULL, 1, '2021-10-16 15:20:00');
INSERT INTO `schedule_job_log` VALUES (982, 2, 'testTask', 'getCabinetStatus', NULL, 0, NULL, 1, '2021-10-16 15:24:00');
INSERT INTO `schedule_job_log` VALUES (983, 1, 'testTask', 'restSendRequestInfo', NULL, 0, NULL, 1, '2021-10-16 15:30:00');
INSERT INTO `schedule_job_log` VALUES (984, 2, 'testTask', 'getCabinetStatus', NULL, 0, NULL, 1, '2021-10-16 15:32:00');
INSERT INTO `schedule_job_log` VALUES (985, 1, 'testTask', 'restSendRequestInfo', NULL, 0, NULL, 0, '2021-10-16 15:40:00');
INSERT INTO `schedule_job_log` VALUES (986, 2, 'testTask', 'getCabinetStatus', NULL, 0, NULL, 0, '2021-10-16 15:40:00');
INSERT INTO `schedule_job_log` VALUES (987, 2, 'testTask', 'getCabinetStatus', NULL, 0, NULL, 1, '2021-10-16 15:48:00');
INSERT INTO `schedule_job_log` VALUES (988, 1, 'testTask', 'restSendRequestInfo', NULL, 0, NULL, 1, '2021-10-16 15:50:00');
INSERT INTO `schedule_job_log` VALUES (989, 2, 'testTask', 'getCabinetStatus', NULL, 0, NULL, 0, '2021-10-16 15:56:00');
INSERT INTO `schedule_job_log` VALUES (990, 1, 'testTask', 'restSendRequestInfo', NULL, 0, NULL, 1, '2021-10-16 16:00:00');
INSERT INTO `schedule_job_log` VALUES (991, 2, 'testTask', 'getCabinetStatus', NULL, 0, NULL, 1, '2021-10-16 16:00:00');
INSERT INTO `schedule_job_log` VALUES (992, 2, 'testTask', 'getCabinetStatus', NULL, 0, NULL, 1, '2021-10-16 16:08:00');
INSERT INTO `schedule_job_log` VALUES (993, 1, 'testTask', 'restSendRequestInfo', NULL, 0, NULL, 1, '2021-10-16 16:10:00');
INSERT INTO `schedule_job_log` VALUES (994, 2, 'testTask', 'getCabinetStatus', NULL, 0, NULL, 1, '2021-10-16 16:16:00');
INSERT INTO `schedule_job_log` VALUES (995, 1, 'testTask', 'restSendRequestInfo', NULL, 0, NULL, 1, '2021-10-16 16:20:00');
INSERT INTO `schedule_job_log` VALUES (996, 2, 'testTask', 'getCabinetStatus', NULL, 0, NULL, 1, '2021-10-16 16:24:00');
INSERT INTO `schedule_job_log` VALUES (997, 1, 'testTask', 'restSendRequestInfo', NULL, 0, NULL, 0, '2021-10-16 16:30:00');
INSERT INTO `schedule_job_log` VALUES (998, 2, 'testTask', 'getCabinetStatus', NULL, 0, NULL, 1, '2021-10-16 16:32:00');
INSERT INTO `schedule_job_log` VALUES (999, 1, 'testTask', 'restSendRequestInfo', NULL, 0, NULL, 1, '2021-10-16 16:40:00');
INSERT INTO `schedule_job_log` VALUES (1000, 2, 'testTask', 'getCabinetStatus', NULL, 0, NULL, 1, '2021-10-16 16:40:00');
INSERT INTO `schedule_job_log` VALUES (1001, 2, 'testTask', 'getCabinetStatus', NULL, 0, NULL, 0, '2021-10-16 16:48:00');
INSERT INTO `schedule_job_log` VALUES (1002, 1, 'testTask', 'restSendRequestInfo', NULL, 0, NULL, 1, '2021-10-16 16:50:00');
INSERT INTO `schedule_job_log` VALUES (1003, 2, 'testTask', 'getCabinetStatus', NULL, 0, NULL, 1, '2021-10-16 16:56:00');
INSERT INTO `schedule_job_log` VALUES (1004, 1, 'testTask', 'restSendRequestInfo', NULL, 0, NULL, 1, '2021-10-16 17:00:00');
INSERT INTO `schedule_job_log` VALUES (1005, 2, 'testTask', 'getCabinetStatus', NULL, 0, NULL, 0, '2021-10-16 17:00:00');
INSERT INTO `schedule_job_log` VALUES (1006, 2, 'testTask', 'getCabinetStatus', NULL, 0, NULL, 1, '2021-10-16 17:08:00');
INSERT INTO `schedule_job_log` VALUES (1007, 1, 'testTask', 'restSendRequestInfo', NULL, 0, NULL, 1, '2021-10-16 17:10:00');
INSERT INTO `schedule_job_log` VALUES (1008, 2, 'testTask', 'getCabinetStatus', NULL, 0, NULL, 1, '2021-10-16 17:16:00');
INSERT INTO `schedule_job_log` VALUES (1009, 1, 'testTask', 'restSendRequestInfo', NULL, 0, NULL, 1, '2021-10-16 17:20:00');
INSERT INTO `schedule_job_log` VALUES (1010, 2, 'testTask', 'getCabinetStatus', NULL, 0, NULL, 1, '2021-10-16 17:24:00');
INSERT INTO `schedule_job_log` VALUES (1011, 1, 'testTask', 'restSendRequestInfo', NULL, 0, NULL, 1, '2021-10-16 17:30:00');
INSERT INTO `schedule_job_log` VALUES (1012, 2, 'testTask', 'getCabinetStatus', NULL, 0, NULL, 1, '2021-10-16 17:32:00');
INSERT INTO `schedule_job_log` VALUES (1013, 1, 'testTask', 'restSendRequestInfo', NULL, 0, NULL, 0, '2021-10-16 17:40:00');
INSERT INTO `schedule_job_log` VALUES (1014, 2, 'testTask', 'getCabinetStatus', NULL, 0, NULL, 1, '2021-10-16 17:40:00');
INSERT INTO `schedule_job_log` VALUES (1015, 2, 'testTask', 'getCabinetStatus', NULL, 0, NULL, 1, '2021-10-16 17:48:00');
INSERT INTO `schedule_job_log` VALUES (1016, 1, 'testTask', 'restSendRequestInfo', NULL, 0, NULL, 1, '2021-10-16 17:50:00');
INSERT INTO `schedule_job_log` VALUES (1017, 2, 'testTask', 'getCabinetStatus', NULL, 0, NULL, 1, '2021-10-16 17:56:00');
INSERT INTO `schedule_job_log` VALUES (1018, 1, 'testTask', 'restSendRequestInfo', NULL, 0, NULL, 1, '2021-10-16 18:00:00');
INSERT INTO `schedule_job_log` VALUES (1019, 2, 'testTask', 'getCabinetStatus', NULL, 0, NULL, 0, '2021-10-16 18:00:00');
INSERT INTO `schedule_job_log` VALUES (1020, 2, 'testTask', 'getCabinetStatus', NULL, 0, NULL, 1, '2021-10-16 18:08:00');
INSERT INTO `schedule_job_log` VALUES (1021, 1, 'testTask', 'restSendRequestInfo', NULL, 0, NULL, 1, '2021-10-16 18:10:00');
INSERT INTO `schedule_job_log` VALUES (1022, 2, 'testTask', 'getCabinetStatus', NULL, 0, NULL, 1, '2021-10-16 18:16:00');
INSERT INTO `schedule_job_log` VALUES (1023, 1, 'testTask', 'restSendRequestInfo', NULL, 0, NULL, 1, '2021-10-16 18:20:00');
INSERT INTO `schedule_job_log` VALUES (1024, 2, 'testTask', 'getCabinetStatus', NULL, 0, NULL, 1, '2021-10-16 18:24:00');
INSERT INTO `schedule_job_log` VALUES (1025, 1, 'testTask', 'restSendRequestInfo', NULL, 0, NULL, 1, '2021-10-16 18:30:00');
INSERT INTO `schedule_job_log` VALUES (1026, 2, 'testTask', 'getCabinetStatus', NULL, 0, NULL, 1, '2021-10-16 18:32:00');
INSERT INTO `schedule_job_log` VALUES (1027, 1, 'testTask', 'restSendRequestInfo', NULL, 0, NULL, 1, '2021-10-16 18:40:00');
INSERT INTO `schedule_job_log` VALUES (1028, 2, 'testTask', 'getCabinetStatus', NULL, 0, NULL, 0, '2021-10-16 18:40:00');
INSERT INTO `schedule_job_log` VALUES (1029, 2, 'testTask', 'getCabinetStatus', NULL, 0, NULL, 0, '2021-10-16 18:48:00');
INSERT INTO `schedule_job_log` VALUES (1030, 1, 'testTask', 'restSendRequestInfo', NULL, 0, NULL, 1, '2021-10-16 18:50:00');
INSERT INTO `schedule_job_log` VALUES (1031, 2, 'testTask', 'getCabinetStatus', NULL, 0, NULL, 1, '2021-10-16 18:56:00');
INSERT INTO `schedule_job_log` VALUES (1032, 1, 'testTask', 'restSendRequestInfo', NULL, 0, NULL, 1, '2021-10-16 19:00:00');
INSERT INTO `schedule_job_log` VALUES (1033, 2, 'testTask', 'getCabinetStatus', NULL, 0, NULL, 1, '2021-10-16 19:00:00');
INSERT INTO `schedule_job_log` VALUES (1034, 2, 'testTask', 'getCabinetStatus', NULL, 0, NULL, 0, '2021-10-16 19:08:00');
INSERT INTO `schedule_job_log` VALUES (1035, 1, 'testTask', 'restSendRequestInfo', NULL, 0, NULL, 1, '2021-10-16 19:10:00');
INSERT INTO `schedule_job_log` VALUES (1036, 2, 'testTask', 'getCabinetStatus', NULL, 0, NULL, 1, '2021-10-16 19:16:00');
INSERT INTO `schedule_job_log` VALUES (1037, 1, 'testTask', 'restSendRequestInfo', NULL, 0, NULL, 0, '2021-10-16 19:20:00');
INSERT INTO `schedule_job_log` VALUES (1038, 2, 'testTask', 'getCabinetStatus', NULL, 0, NULL, 1, '2021-10-16 19:24:00');
INSERT INTO `schedule_job_log` VALUES (1039, 1, 'testTask', 'restSendRequestInfo', NULL, 0, NULL, 1, '2021-10-16 19:30:00');
INSERT INTO `schedule_job_log` VALUES (1040, 2, 'testTask', 'getCabinetStatus', NULL, 0, NULL, 1, '2021-10-16 19:32:00');
INSERT INTO `schedule_job_log` VALUES (1041, 1, 'testTask', 'restSendRequestInfo', NULL, 0, NULL, 1, '2021-10-16 19:40:00');
INSERT INTO `schedule_job_log` VALUES (1042, 2, 'testTask', 'getCabinetStatus', NULL, 0, NULL, 0, '2021-10-16 19:40:00');
INSERT INTO `schedule_job_log` VALUES (1043, 2, 'testTask', 'getCabinetStatus', NULL, 0, NULL, 1, '2021-10-16 19:48:00');
INSERT INTO `schedule_job_log` VALUES (1044, 1, 'testTask', 'restSendRequestInfo', NULL, 0, NULL, 1, '2021-10-16 19:50:00');
INSERT INTO `schedule_job_log` VALUES (1045, 2, 'testTask', 'getCabinetStatus', NULL, 0, NULL, 1, '2021-10-16 19:56:00');
INSERT INTO `schedule_job_log` VALUES (1046, 1, 'testTask', 'restSendRequestInfo', NULL, 0, NULL, 1, '2021-10-16 20:00:00');
INSERT INTO `schedule_job_log` VALUES (1047, 2, 'testTask', 'getCabinetStatus', NULL, 0, NULL, 1, '2021-10-16 20:00:00');
INSERT INTO `schedule_job_log` VALUES (1048, 2, 'testTask', 'getCabinetStatus', NULL, 0, NULL, 1, '2021-10-16 20:08:00');
INSERT INTO `schedule_job_log` VALUES (1049, 1, 'testTask', 'restSendRequestInfo', NULL, 0, NULL, 1, '2021-10-16 20:10:00');
INSERT INTO `schedule_job_log` VALUES (1050, 1, 'testTask', 'restSendRequestInfo', NULL, 0, NULL, 6, '2021-10-18 11:10:00');
INSERT INTO `schedule_job_log` VALUES (1051, 1, 'testTask', 'restSendRequestInfo', NULL, 0, NULL, 6, '2021-10-18 11:20:00');
INSERT INTO `schedule_job_log` VALUES (1052, 1, 'testTask', 'restSendRequestInfo', NULL, 0, NULL, 2, '2021-10-18 11:50:00');
INSERT INTO `schedule_job_log` VALUES (1053, 2, 'testTask', 'getCabinetStatus', NULL, 0, NULL, 1, '2021-10-18 12:00:00');
INSERT INTO `schedule_job_log` VALUES (1054, 1, 'testTask', 'restSendRequestInfo', NULL, 0, NULL, 7, '2021-10-18 12:00:00');
INSERT INTO `schedule_job_log` VALUES (1055, 2, 'testTask', 'getCabinetStatus', NULL, 0, NULL, 3, '2021-10-18 12:08:00');
INSERT INTO `schedule_job_log` VALUES (1056, 1, 'testTask', 'restSendRequestInfo', NULL, 0, NULL, 4, '2021-10-18 12:10:00');
INSERT INTO `schedule_job_log` VALUES (1057, 2, 'testTask', 'getCabinetStatus', NULL, 0, NULL, 2, '2021-10-18 12:16:00');
INSERT INTO `schedule_job_log` VALUES (1058, 1, 'testTask', 'restSendRequestInfo', NULL, 0, NULL, 3, '2021-10-18 12:20:00');
INSERT INTO `schedule_job_log` VALUES (1059, 2, 'testTask', 'getCabinetStatus', NULL, 0, NULL, 4, '2021-10-18 12:24:00');
INSERT INTO `schedule_job_log` VALUES (1060, 1, 'testTask', 'restSendRequestInfo', NULL, 0, NULL, 4, '2021-10-18 19:30:00');
INSERT INTO `schedule_job_log` VALUES (1061, 2, 'testTask', 'getCabinetStatus', NULL, 0, NULL, 2, '2021-10-18 19:48:00');
INSERT INTO `schedule_job_log` VALUES (1062, 2, 'testTask', 'getCabinetStatus', NULL, 0, NULL, 7, '2021-10-18 19:56:00');
INSERT INTO `schedule_job_log` VALUES (1063, 1, 'testTask', 'restSendRequestInfo', NULL, 0, NULL, 2, '2021-10-18 20:20:00');
INSERT INTO `schedule_job_log` VALUES (1064, 2, 'testTask', 'getCabinetStatus', NULL, 0, NULL, 2, '2021-10-20 09:24:00');
INSERT INTO `schedule_job_log` VALUES (1065, 2, 'testTask', 'getCabinetStatus', NULL, 0, NULL, 2, '2021-10-20 09:56:00');
INSERT INTO `schedule_job_log` VALUES (1066, 2, 'testTask', 'getCabinetStatus', NULL, 0, NULL, 2, '2021-10-20 10:08:00');
INSERT INTO `schedule_job_log` VALUES (1067, 1, 'testTask', 'restSendRequestInfo', NULL, 0, NULL, 2, '2021-10-20 10:10:00');
INSERT INTO `schedule_job_log` VALUES (1068, 2, 'testTask', 'getCabinetStatus', NULL, 0, NULL, 4, '2021-10-20 10:16:00');
INSERT INTO `schedule_job_log` VALUES (1069, 2, 'testTask', 'getCabinetStatus', NULL, 0, NULL, 2, '2021-10-20 10:32:00');
INSERT INTO `schedule_job_log` VALUES (1070, 2, 'testTask', 'getCabinetStatus', NULL, 0, NULL, 3, '2021-10-20 10:48:00');
INSERT INTO `schedule_job_log` VALUES (1071, 1, 'testTask', 'restSendRequestInfo', NULL, 0, NULL, 2, '2021-10-20 10:50:00');
INSERT INTO `schedule_job_log` VALUES (1072, 2, 'testTask', 'getCabinetStatus', NULL, 0, NULL, 2, '2021-10-20 10:56:00');
INSERT INTO `schedule_job_log` VALUES (1073, 1, 'testTask', 'restSendRequestInfo', NULL, 0, NULL, 1, '2021-10-20 11:10:00');
INSERT INTO `schedule_job_log` VALUES (1074, 2, 'testTask', 'getCabinetStatus', NULL, 0, NULL, 7, '2021-10-20 11:16:00');
INSERT INTO `schedule_job_log` VALUES (1075, 1, 'testTask', 'restSendRequestInfo', NULL, 0, NULL, 2, '2021-10-20 11:20:00');
INSERT INTO `schedule_job_log` VALUES (1076, 1, 'testTask', 'restSendRequestInfo', NULL, 0, NULL, 1, '2021-10-20 11:30:00');
INSERT INTO `schedule_job_log` VALUES (1077, 2, 'testTask', 'getCabinetStatus', NULL, 0, NULL, 0, '2021-10-20 11:32:00');
INSERT INTO `schedule_job_log` VALUES (1078, 1, 'testTask', 'restSendRequestInfo', NULL, 0, NULL, 2, '2021-10-20 11:40:00');
INSERT INTO `schedule_job_log` VALUES (1079, 2, 'testTask', 'getCabinetStatus', NULL, 0, NULL, 1, '2021-10-20 11:40:00');
INSERT INTO `schedule_job_log` VALUES (1080, 2, 'testTask', 'getCabinetStatus', NULL, 0, NULL, 2, '2021-10-20 11:48:00');
INSERT INTO `schedule_job_log` VALUES (1081, 1, 'testTask', 'restSendRequestInfo', NULL, 0, NULL, 3, '2021-10-20 11:50:00');
INSERT INTO `schedule_job_log` VALUES (1082, 2, 'testTask', 'getCabinetStatus', NULL, 0, NULL, 2, '2021-10-20 11:56:00');
INSERT INTO `schedule_job_log` VALUES (1083, 2, 'testTask', 'getCabinetStatus', NULL, 0, NULL, 2, '2021-10-20 13:32:00');
INSERT INTO `schedule_job_log` VALUES (1084, 1, 'testTask', 'restSendRequestInfo', NULL, 0, NULL, 2, '2021-10-20 13:40:00');
INSERT INTO `schedule_job_log` VALUES (1085, 2, 'testTask', 'getCabinetStatus', NULL, 0, NULL, 1, '2021-10-20 13:40:00');
INSERT INTO `schedule_job_log` VALUES (1086, 2, 'testTask', 'getCabinetStatus', NULL, 0, NULL, 3, '2021-10-20 13:48:00');
INSERT INTO `schedule_job_log` VALUES (1087, 2, 'testTask', 'getCabinetStatus', NULL, 0, NULL, 3, '2021-10-20 13:56:00');
INSERT INTO `schedule_job_log` VALUES (1088, 1, 'testTask', 'restSendRequestInfo', NULL, 0, NULL, 2, '2021-10-20 14:00:00');
INSERT INTO `schedule_job_log` VALUES (1089, 2, 'testTask', 'getCabinetStatus', NULL, 0, NULL, 6, '2021-10-20 14:00:00');
INSERT INTO `schedule_job_log` VALUES (1090, 2, 'testTask', 'getCabinetStatus', NULL, 0, NULL, 2, '2021-10-20 14:08:00');
INSERT INTO `schedule_job_log` VALUES (1091, 1, 'testTask', 'restSendRequestInfo', NULL, 0, NULL, 3, '2021-10-20 14:10:00');
INSERT INTO `schedule_job_log` VALUES (1092, 2, 'testTask', 'getCabinetStatus', NULL, 0, NULL, 3, '2021-10-20 14:24:00');
INSERT INTO `schedule_job_log` VALUES (1093, 1, 'testTask', 'restSendRequestInfo', NULL, 0, NULL, 3, '2021-10-20 14:30:00');
INSERT INTO `schedule_job_log` VALUES (1094, 2, 'testTask', 'getCabinetStatus', NULL, 0, NULL, 2, '2021-10-20 14:32:00');
INSERT INTO `schedule_job_log` VALUES (1095, 2, 'testTask', 'getCabinetStatus', NULL, 0, NULL, 1, '2021-10-20 17:08:00');
INSERT INTO `schedule_job_log` VALUES (1096, 1, 'testTask', 'restSendRequestInfo', NULL, 0, NULL, 3, '2021-10-20 17:10:00');
INSERT INTO `schedule_job_log` VALUES (1097, 2, 'testTask', 'getCabinetStatus', NULL, 0, NULL, 3, '2021-10-20 17:16:00');
INSERT INTO `schedule_job_log` VALUES (1098, 1, 'testTask', 'restSendRequestInfo', NULL, 0, NULL, 2, '2021-10-20 17:20:00');
INSERT INTO `schedule_job_log` VALUES (1099, 2, 'testTask', 'getCabinetStatus', NULL, 0, NULL, 2, '2021-10-20 17:24:00');
INSERT INTO `schedule_job_log` VALUES (1100, 1, 'testTask', 'restSendRequestInfo', NULL, 0, NULL, 3, '2021-10-20 17:30:00');
INSERT INTO `schedule_job_log` VALUES (1101, 2, 'testTask', 'getCabinetStatus', NULL, 0, NULL, 2, '2021-10-20 17:32:00');
INSERT INTO `schedule_job_log` VALUES (1102, 1, 'testTask', 'restSendRequestInfo', NULL, 0, NULL, 2, '2021-10-20 17:40:00');
INSERT INTO `schedule_job_log` VALUES (1103, 2, 'testTask', 'getCabinetStatus', NULL, 0, NULL, 0, '2021-10-20 17:40:00');
INSERT INTO `schedule_job_log` VALUES (1104, 2, 'testTask', 'getCabinetStatus', NULL, 0, NULL, 1, '2021-10-20 17:48:00');
INSERT INTO `schedule_job_log` VALUES (1105, 1, 'testTask', 'restSendRequestInfo', NULL, 0, NULL, 3, '2021-10-20 17:50:00');
INSERT INTO `schedule_job_log` VALUES (1106, 2, 'testTask', 'getCabinetStatus', NULL, 0, NULL, 2, '2021-10-20 17:56:00');
INSERT INTO `schedule_job_log` VALUES (1107, 1, 'testTask', 'restSendRequestInfo', NULL, 0, NULL, 3, '2021-10-20 18:00:00');
INSERT INTO `schedule_job_log` VALUES (1108, 2, 'testTask', 'getCabinetStatus', NULL, 0, NULL, 0, '2021-10-20 18:00:00');
INSERT INTO `schedule_job_log` VALUES (1109, 2, 'testTask', 'getCabinetStatus', NULL, 0, NULL, 3, '2021-10-20 18:08:00');
INSERT INTO `schedule_job_log` VALUES (1110, 1, 'testTask', 'restSendRequestInfo', NULL, 0, NULL, 3, '2021-10-20 18:10:00');
INSERT INTO `schedule_job_log` VALUES (1111, 2, 'testTask', 'getCabinetStatus', NULL, 0, NULL, 3, '2021-10-20 18:16:00');
INSERT INTO `schedule_job_log` VALUES (1112, 1, 'testTask', 'restSendRequestInfo', NULL, 0, NULL, 4, '2021-10-20 18:20:00');
INSERT INTO `schedule_job_log` VALUES (1113, 2, 'testTask', 'getCabinetStatus', NULL, 0, NULL, 2, '2021-10-20 18:24:00');
INSERT INTO `schedule_job_log` VALUES (1114, 1, 'testTask', 'restSendRequestInfo', NULL, 0, NULL, 4, '2021-10-20 18:30:00');
INSERT INTO `schedule_job_log` VALUES (1115, 2, 'testTask', 'getCabinetStatus', NULL, 0, NULL, 6, '2021-10-20 18:56:00');
INSERT INTO `schedule_job_log` VALUES (1116, 1, 'testTask', 'restSendRequestInfo', NULL, 0, NULL, 3, '2021-10-20 19:10:00');
INSERT INTO `schedule_job_log` VALUES (1117, 2, 'testTask', 'getCabinetStatus', NULL, 0, NULL, 2, '2021-10-20 19:24:00');
INSERT INTO `schedule_job_log` VALUES (1118, 2, 'testTask', 'getCabinetStatus', NULL, 0, NULL, 3, '2021-10-21 17:08:00');
INSERT INTO `schedule_job_log` VALUES (1119, 1, 'testTask', 'restSendRequestInfo', NULL, 0, NULL, 3, '2021-10-21 17:10:00');
INSERT INTO `schedule_job_log` VALUES (1120, 2, 'testTask', 'getCabinetStatus', NULL, 0, NULL, 7, '2021-10-21 17:16:00');
INSERT INTO `schedule_job_log` VALUES (1121, 1, 'testTask', 'restSendRequestInfo', NULL, 0, NULL, 6, '2021-10-21 17:20:00');
INSERT INTO `schedule_job_log` VALUES (1122, 2, 'testTask', 'getCabinetStatus', NULL, 0, NULL, 4, '2021-10-21 17:24:00');
INSERT INTO `schedule_job_log` VALUES (1123, 1, 'testTask', 'restSendRequestInfo', NULL, 0, NULL, 5, '2021-10-21 17:30:00');
INSERT INTO `schedule_job_log` VALUES (1124, 2, 'testTask', 'getCabinetStatus', NULL, 0, NULL, 5, '2021-10-21 17:32:00');
INSERT INTO `schedule_job_log` VALUES (1125, 1, 'testTask', 'restSendRequestInfo', NULL, 0, NULL, 4, '2021-10-21 17:40:00');
INSERT INTO `schedule_job_log` VALUES (1126, 2, 'testTask', 'getCabinetStatus', NULL, 0, NULL, 2, '2021-10-21 17:40:00');
INSERT INTO `schedule_job_log` VALUES (1127, 1, 'testTask', 'restSendRequestInfo', NULL, 0, NULL, 7, '2021-10-22 10:10:00');
INSERT INTO `schedule_job_log` VALUES (1128, 2, 'testTask', 'getCabinetStatus', NULL, 0, NULL, 2, '2021-10-22 10:16:00');
INSERT INTO `schedule_job_log` VALUES (1129, 1, 'testTask', 'restSendRequestInfo', NULL, 0, NULL, 2, '2021-10-22 10:20:00');
INSERT INTO `schedule_job_log` VALUES (1130, 2, 'testTask', 'getCabinetStatus', NULL, 0, NULL, 2, '2021-10-22 10:24:00');
INSERT INTO `schedule_job_log` VALUES (1131, 1, 'testTask', 'restSendRequestInfo', NULL, 0, NULL, 2, '2021-10-22 10:30:00');
INSERT INTO `schedule_job_log` VALUES (1132, 2, 'testTask', 'getCabinetStatus', NULL, 0, NULL, 4, '2021-10-22 10:32:00');
INSERT INTO `schedule_job_log` VALUES (1133, 1, 'testTask', 'restSendRequestInfo', NULL, 0, NULL, 1, '2021-10-22 10:40:00');
INSERT INTO `schedule_job_log` VALUES (1134, 2, 'testTask', 'getCabinetStatus', NULL, 0, NULL, 1, '2021-10-22 10:40:00');
INSERT INTO `schedule_job_log` VALUES (1135, 2, 'testTask', 'getCabinetStatus', NULL, 0, NULL, 1, '2021-10-22 14:40:00');
INSERT INTO `schedule_job_log` VALUES (1136, 1, 'testTask', 'restSendRequestInfo', NULL, 0, NULL, 5, '2021-10-22 14:40:00');
INSERT INTO `schedule_job_log` VALUES (1137, 2, 'testTask', 'getCabinetStatus', NULL, 0, NULL, 3, '2021-10-22 14:48:00');
INSERT INTO `schedule_job_log` VALUES (1138, 1, 'testTask', 'restSendRequestInfo', NULL, 0, NULL, 3, '2021-10-22 14:50:00');
INSERT INTO `schedule_job_log` VALUES (1139, 2, 'testTask', 'getCabinetStatus', NULL, 0, NULL, 2, '2021-10-22 14:56:00');
INSERT INTO `schedule_job_log` VALUES (1140, 2, 'testTask', 'getCabinetStatus', NULL, 0, NULL, 2, '2021-10-22 15:08:00');
INSERT INTO `schedule_job_log` VALUES (1141, 1, 'testTask', 'restSendRequestInfo', NULL, 0, NULL, 2, '2021-10-22 15:10:00');
INSERT INTO `schedule_job_log` VALUES (1142, 2, 'testTask', 'getCabinetStatus', NULL, 0, NULL, 3, '2021-10-22 15:16:00');
INSERT INTO `schedule_job_log` VALUES (1143, 1, 'testTask', 'restSendRequestInfo', NULL, 0, NULL, 2, '2021-10-22 15:20:00');
INSERT INTO `schedule_job_log` VALUES (1144, 2, 'testTask', 'getCabinetStatus', NULL, 0, NULL, 2, '2021-10-22 15:24:00');
INSERT INTO `schedule_job_log` VALUES (1145, 1, 'testTask', 'restSendRequestInfo', NULL, 0, NULL, 3, '2021-10-22 15:30:00');
INSERT INTO `schedule_job_log` VALUES (1146, 2, 'testTask', 'getCabinetStatus', NULL, 0, NULL, 3, '2021-10-22 15:32:00');
INSERT INTO `schedule_job_log` VALUES (1147, 1, 'testTask', 'restSendRequestInfo', NULL, 0, NULL, 2, '2021-10-22 15:40:00');
INSERT INTO `schedule_job_log` VALUES (1148, 2, 'testTask', 'getCabinetStatus', NULL, 0, NULL, 1, '2021-10-22 15:40:00');
INSERT INTO `schedule_job_log` VALUES (1149, 2, 'testTask', 'getCabinetStatus', NULL, 0, NULL, 3, '2021-10-22 15:48:00');
INSERT INTO `schedule_job_log` VALUES (1150, 1, 'testTask', 'restSendRequestInfo', NULL, 0, NULL, 2, '2021-10-22 15:50:00');
INSERT INTO `schedule_job_log` VALUES (1151, 2, 'testTask', 'getCabinetStatus', NULL, 0, NULL, 2, '2021-10-22 15:56:00');
INSERT INTO `schedule_job_log` VALUES (1152, 1, 'testTask', 'restSendRequestInfo', NULL, 0, NULL, 4, '2021-10-22 16:00:00');
INSERT INTO `schedule_job_log` VALUES (1153, 2, 'testTask', 'getCabinetStatus', NULL, 0, NULL, 1, '2021-10-22 16:00:00');
INSERT INTO `schedule_job_log` VALUES (1154, 2, 'testTask', 'getCabinetStatus', NULL, 0, NULL, 44, '2021-10-22 16:08:00');
INSERT INTO `schedule_job_log` VALUES (1155, 1, 'testTask', 'restSendRequestInfo', NULL, 0, NULL, 3, '2021-10-22 16:10:00');
INSERT INTO `schedule_job_log` VALUES (1156, 2, 'testTask', 'getCabinetStatus', NULL, 0, NULL, 3, '2021-10-22 16:16:00');
INSERT INTO `schedule_job_log` VALUES (1157, 1, 'testTask', 'restSendRequestInfo', NULL, 0, NULL, 4, '2021-10-22 16:20:00');
INSERT INTO `schedule_job_log` VALUES (1158, 2, 'testTask', 'getCabinetStatus', NULL, 0, NULL, 3, '2021-10-22 16:24:00');
INSERT INTO `schedule_job_log` VALUES (1159, 1, 'testTask', 'restSendRequestInfo', NULL, 0, NULL, 2, '2021-10-22 16:30:00');
INSERT INTO `schedule_job_log` VALUES (1160, 2, 'testTask', 'getCabinetStatus', NULL, 0, NULL, 2, '2021-10-22 16:32:00');
INSERT INTO `schedule_job_log` VALUES (1161, 1, 'testTask', 'restSendRequestInfo', NULL, 0, NULL, 3, '2021-10-22 16:40:00');
INSERT INTO `schedule_job_log` VALUES (1162, 2, 'testTask', 'getCabinetStatus', NULL, 0, NULL, 1, '2021-10-22 16:40:00');
INSERT INTO `schedule_job_log` VALUES (1163, 2, 'testTask', 'getCabinetStatus', NULL, 0, NULL, 3, '2021-10-22 16:48:00');
INSERT INTO `schedule_job_log` VALUES (1164, 1, 'testTask', 'restSendRequestInfo', NULL, 0, NULL, 3, '2021-10-22 16:50:00');
INSERT INTO `schedule_job_log` VALUES (1165, 2, 'testTask', 'getCabinetStatus', NULL, 0, NULL, 3, '2021-10-22 16:56:00');
INSERT INTO `schedule_job_log` VALUES (1166, 1, 'testTask', 'restSendRequestInfo', NULL, 0, NULL, 2, '2021-10-22 17:00:00');
INSERT INTO `schedule_job_log` VALUES (1167, 2, 'testTask', 'getCabinetStatus', NULL, 0, NULL, 4, '2021-10-22 17:00:00');

-- ----------------------------
-- Table structure for sys_captcha
-- ----------------------------
DROP TABLE IF EXISTS `sys_captcha`;
CREATE TABLE `sys_captcha`  (
  `uuid` char(36) CHARACTER SET utf8 COLLATE utf8_general_ci NOT NULL COMMENT 'uuid',
  `code` varchar(6) CHARACTER SET utf8 COLLATE utf8_general_ci NOT NULL COMMENT '验证码',
  `expire_time` datetime(0) NULL DEFAULT NULL COMMENT '过期时间',
  PRIMARY KEY (`uuid`) USING BTREE
) ENGINE = InnoDB CHARACTER SET = utf8 COLLATE = utf8_general_ci COMMENT = '系统验证码' ROW_FORMAT = Dynamic;

-- ----------------------------
-- Records of sys_captcha
-- ----------------------------

-- ----------------------------
-- Table structure for sys_config
-- ----------------------------
DROP TABLE IF EXISTS `sys_config`;
CREATE TABLE `sys_config`  (
  `id` bigint(20) NOT NULL AUTO_INCREMENT,
  `param_key` varchar(50) CHARACTER SET utf8 COLLATE utf8_general_ci NULL DEFAULT NULL COMMENT 'key',
  `param_value` varchar(2000) CHARACTER SET utf8 COLLATE utf8_general_ci NULL DEFAULT NULL COMMENT 'value',
  `status` tinyint(4) NULL DEFAULT 1 COMMENT '状态   0：隐藏   1：显示',
  `remark` varchar(500) CHARACTER SET utf8 COLLATE utf8_general_ci NULL DEFAULT NULL COMMENT '备注',
  PRIMARY KEY (`id`) USING BTREE,
  UNIQUE INDEX `param_key`(`param_key`) USING BTREE
) ENGINE = InnoDB AUTO_INCREMENT = 8 CHARACTER SET = utf8 COLLATE = utf8_general_ci COMMENT = '系统配置信息表' ROW_FORMAT = Dynamic;

-- ----------------------------
-- Records of sys_config
-- ----------------------------
INSERT INTO `sys_config` VALUES (4, 'REMOTE_ADDRESS', 'http://127.0.0.1:8089/KeyServer/app', 0, '远端地址');
INSERT INTO `sys_config` VALUES (5, 'BIND_TOOLS', '/tools/bindRfid', 0, '工具绑定');
INSERT INTO `sys_config` VALUES (7, 'LOG_UPLOAD', '/toolsLog/save', 0, '日志上传');

-- ----------------------------
-- Table structure for sys_fingervalidate
-- ----------------------------
DROP TABLE IF EXISTS `sys_fingervalidate`;
CREATE TABLE `sys_fingervalidate`  (
  `id` int(10) NOT NULL AUTO_INCREMENT,
  `name` varchar(50) CHARACTER SET utf8 COLLATE utf8_general_ci NULL DEFAULT NULL COMMENT '名称',
  `code` varchar(50) CHARACTER SET utf8 COLLATE utf8_general_ci NULL DEFAULT NULL COMMENT '确认人编号',
  `type` varchar(50) CHARACTER SET utf8 COLLATE utf8_general_ci NULL DEFAULT NULL COMMENT '确认类型',
  `roleid` varchar(50) CHARACTER SET utf8 COLLATE utf8_general_ci NULL DEFAULT NULL COMMENT '角色id',
  PRIMARY KEY (`id`) USING BTREE
) ENGINE = InnoDB AUTO_INCREMENT = 9 CHARACTER SET = utf8 COLLATE = utf8_general_ci COMMENT = '指纹验证' ROW_FORMAT = Dynamic;

-- ----------------------------
-- Records of sys_fingervalidate
-- ----------------------------
INSERT INTO `sys_fingervalidate` VALUES (1, '业务发起岗', 'ywfq', 'DOC_IN', '13');
INSERT INTO `sys_fingervalidate` VALUES (2, '业务发起岗1', 'ywfq1', 'DOC_IN', '13');
INSERT INTO `sys_fingervalidate` VALUES (3, '库管员', 'kgy', 'DOC_IN', '14');
INSERT INTO `sys_fingervalidate` VALUES (4, '库管员1', 'kgy1', 'DOC_IN', '14');
INSERT INTO `sys_fingervalidate` VALUES (5, '业务发起岗', 'ywfq', 'DOC_OUT', '13');
INSERT INTO `sys_fingervalidate` VALUES (6, '业务发起岗1', 'ywfq1', 'DOC_OUT', '13');
INSERT INTO `sys_fingervalidate` VALUES (7, '库管员', 'kgy', 'DOC_OUT', '14');
INSERT INTO `sys_fingervalidate` VALUES (8, '库管员1', 'kgy1', 'DOC_OUT', '14');

-- ----------------------------
-- Table structure for sys_log
-- ----------------------------
DROP TABLE IF EXISTS `sys_log`;
CREATE TABLE `sys_log`  (
  `id` bigint(20) NOT NULL AUTO_INCREMENT,
  `api_name` varchar(50) CHARACTER SET utf8 COLLATE utf8_general_ci NULL DEFAULT NULL COMMENT '用户名',
  `info` varchar(50) CHARACTER SET utf8 COLLATE utf8_general_ci NULL DEFAULT NULL COMMENT '用户操作',
  `params` varchar(5000) CHARACTER SET utf8 COLLATE utf8_general_ci NULL DEFAULT NULL COMMENT '请求参数',
  `time` bigint(20) NOT NULL COMMENT '执行时长(毫秒)',
  `ip` varchar(64) CHARACTER SET utf8 COLLATE utf8_general_ci NULL DEFAULT NULL COMMENT 'IP地址',
  `create_date` varchar(50) CHARACTER SET utf8 COLLATE utf8_general_ci NULL DEFAULT NULL COMMENT '创建时间',
  PRIMARY KEY (`id`) USING BTREE
) ENGINE = InnoDB AUTO_INCREMENT = 130 CHARACTER SET = utf8 COLLATE = utf8_general_ci COMMENT = '系统日志' ROW_FORMAT = Dynamic;

-- ----------------------------
-- Records of sys_log
-- ----------------------------
INSERT INTO `sys_log` VALUES (1, '/user/save', '人员同步', '{\"companyId\":\"3\",\"id\":\"222311\",\"number\":\"000015\",\"name\":\"小柯基12\"}', 58, '127.0.0.1', '2021-05-13 12:01:58');
INSERT INTO `sys_log` VALUES (2, '/terminal/save', '柜子同步', '{\"id\":\"2333\",\"name\":\"稠城所12号柜\",\"desc\":\"交通管理系统楼1楼交通管理系统处仓库门口1\",\"companyId\":\"-9211141298874137819\"}', 53, '127.0.0.1', '2021-05-19 18:34:35');
INSERT INTO `sys_log` VALUES (3, '/terminal/save', '柜子同步', '{\"id\":\"2333\",\"name\":\"稠城所12号柜\",\"desc\":\"交通管理系统楼1楼交通管理系统处仓库门口1\",\"companyId\":\"-9211141298874131319\"}', 13, '127.0.0.1', '2021-05-19 18:35:04');
INSERT INTO `sys_log` VALUES (4, '/user/save', '人员同步', '{\"companyId\":\"-3672438322452542052\",\"id\":\"222311\",\"number\":\"000015\",\"name\":\"小柯基12\"}', 41, '127.0.0.1', '2021-05-19 19:16:22');
INSERT INTO `sys_log` VALUES (5, '/company/save', '组织新增', '{\"id\":\"9223095130855915998\",\"name\":\"测试\",\"parentId\":\"-427078699994690041\"}', 10, '127.0.0.1', '2021-07-24 14:44:34');
INSERT INTO `sys_log` VALUES (6, '/company/save', '组织新增', '{\"id\":\"9223095130855915998\",\"name\":\"测试\",\"parentId\":\"-427078699994690041\"}', 5, '127.0.0.1', '2021-07-24 14:44:59');
INSERT INTO `sys_log` VALUES (7, '/company/save', '组织新增', '{\"id\":\"9223095130855915998\",\"name\":\"测试\",\"parentId\":\"-427078699994690041\"}', 4, '127.0.0.1', '2021-07-24 14:44:59');
INSERT INTO `sys_log` VALUES (8, '/company/save', '组织新增', '{\"id\":\"9223095130855915998\",\"name\":\"测试\",\"parentId\":\"-427078699994690041\"}', 4, '127.0.0.1', '2021-07-24 14:45:00');
INSERT INTO `sys_log` VALUES (9, '/company/save', '组织新增', '{\"id\":\"9223095130855915998\",\"name\":\"测试\",\"parentId\":\"-427078699994690041\"}', 4, '127.0.0.1', '2021-07-24 14:45:00');
INSERT INTO `sys_log` VALUES (10, '/company/save', '组织新增', '{\"id\":\"9223095130855915998\",\"name\":\"测试\",\"parentId\":\"-427078699994690041\"}', 5, '127.0.0.1', '2021-07-24 14:45:00');
INSERT INTO `sys_log` VALUES (11, '/company/save', '组织新增', '{\"id\":\"9223095130855915998\",\"name\":\"测试\",\"parentId\":\"-4270786999946900411\"}', 5, '127.0.0.1', '2021-07-24 14:45:16');
INSERT INTO `sys_log` VALUES (12, '/company/save', '组织新增', '{\"id\":\"9223095130855915998\",\"name\":\"测试\",\"parentId\":-4270786999946900411}', 5, '127.0.0.1', '2021-07-24 14:53:28');
INSERT INTO `sys_log` VALUES (13, '/company/save', '组织新增', '{\"id\":\"9223095130855915998\",\"name\":\"测试\",\"parentId\":-427078699994690041}', 6, '127.0.0.1', '2021-07-24 14:53:44');
INSERT INTO `sys_log` VALUES (14, '/company/save', '组织新增', '{\"id\":\"5611897032383876006\",\"name\":\"新疆第八支队办公市\",\"parentId\":-4973011747094573880}', 4, '127.0.0.1', '2021-07-24 16:42:31');
INSERT INTO `sys_log` VALUES (15, '/terminal/save', '柜子同步', '{\"id\":\"-233\",\"name\":\"稠城所12号柜\",\"desc\":\"交通管理系统楼1楼交通管理系统处仓库门口1\",\"companyId\":\"-9211141298874131319\"}', 10477, '127.0.0.1', '2021-07-27 19:54:36');
INSERT INTO `sys_log` VALUES (16, '/user/save', '人员同步', '{\"userId\":\"1\",\"username\":\"001\",\"nickname\":\"张三\",\"idcard\":\"\",\"email\":\"\",\"mobile\":\"\",\"status\":\"0\",\"staffCode\":\"…\"}', 58, '127.0.0.1', '2021-09-09 01:46:16');
INSERT INTO `sys_log` VALUES (17, '/user/save', '人员同步', '{\"userId\":\"1\",\"username\":\"001\",\"nickname\":\"张三\",\"idcard\":\"\",\"email\":\"\",\"mobile\":\"\",\"status\":\"0\",\"staffCode\":\"…123\"}', 11, '127.0.0.1', '2021-09-09 01:48:34');
INSERT INTO `sys_log` VALUES (18, '/user/save', '人员同步', '{\"userId\":\"2\",\"username\":\"002\",\"nickname\":\"张三\",\"idcard\":\"\",\"email\":\"\",\"mobile\":\"\",\"status\":\"0\",\"staffCode\":\"…123\"}', 36, '127.0.0.1', '2021-09-09 01:49:27');
INSERT INTO `sys_log` VALUES (19, '/user/delete/batch', '人员删除', '{\"ids\":\"{222313}\"}', 7, '127.0.0.1', '2021-09-09 01:51:47');
INSERT INTO `sys_log` VALUES (20, '/user/delete/batch', '人员删除', '{\"ids\":\"{2}\"}', 13, '127.0.0.1', '2021-09-09 01:51:58');
INSERT INTO `sys_log` VALUES (21, '/cabinet/save', '柜子同步', '{\"id\":\"1\",\"name\":\"1号柜\",\"code\":\"001\",\"status\":\"0\"}', 28, '127.0.0.1', '2021-09-09 01:52:44');
INSERT INTO `sys_log` VALUES (22, '/cabinet/save', '柜子同步', '{\"id\":\"1\",\"name\":\"1号柜\",\"code\":\"001\",\"status\":\"0\"}', 6, '127.0.0.1', '2021-09-09 01:58:20');
INSERT INTO `sys_log` VALUES (23, '/cabinet/save', '柜子同步', '{\"id\":\"2\",\"name\":\"1号柜\",\"code\":\"001\",\"status\":\"0\"}', 13, '127.0.0.1', '2021-09-09 01:58:39');
INSERT INTO `sys_log` VALUES (24, '/cabinet/save', '柜子同步', '{\"id\":\"2\",\"name\":\"2号柜\",\"code\":\"002\",\"status\":\"0\"}', 6, '127.0.0.1', '2021-09-09 01:58:56');
INSERT INTO `sys_log` VALUES (25, '/cabinet/delete/batch', '柜子删除', '{\"remote_id\":\"3\"}', 7, '127.0.0.1', '2021-09-09 02:00:48');
INSERT INTO `sys_log` VALUES (26, '/cabinet/save', '柜子同步', '{\"id\":\"2\",\"name\":\"2号柜\",\"code\":\"002\",\"status\":\"0\"}', 13, '127.0.0.1', '2021-09-09 02:01:00');
INSERT INTO `sys_log` VALUES (27, '/tools/save', '工具同步', '{\"id\":\"1\",\"code\":\"001\",\"type\":\"锤子\",\"rfid\":\"\",\"cabinetId\":\"1\"}', 34, '127.0.0.1', '2021-09-09 02:01:36');
INSERT INTO `sys_log` VALUES (28, '/tools/save', '工具同步', '{\"id\":\"1\",\"code\":\"001\",\"type\":\"锤子\",\"rfid\":\"\",\"cabinetId\":\"2\"}', 6, '127.0.0.1', '2021-09-09 02:01:44');
INSERT INTO `sys_log` VALUES (29, '/tools/save', '工具同步', '{\"id\":\"1\",\"code\":\"001\",\"type\":\"锤子1\",\"rfid\":\"\",\"cabinetId\":\"2\"}', 6, '127.0.0.1', '2021-09-09 02:02:03');
INSERT INTO `sys_log` VALUES (30, '/tools/save', '工具同步', '{\"id\":\"1\",\"code\":\"001\",\"type\":\"锤子1\",\"rfid\":\"\",\"cabinetId\":\"3\"}', 6, '127.0.0.1', '2021-09-09 02:02:09');
INSERT INTO `sys_log` VALUES (31, '/tools/save', '工具同步', '{\"id\":\"1\",\"code\":\"001\",\"type\":\"锤子1\",\"rfid\":\"\",\"cabinetId\":\"2\"}', 8, '127.0.0.1', '2021-09-09 02:02:15');
INSERT INTO `sys_log` VALUES (32, '/tools/delete/batch', '工具删除同步', '{\"tools_id\":\"2\"}', 23, '127.0.0.1', '2021-09-09 02:03:55');
INSERT INTO `sys_log` VALUES (33, '/tools/delete/batch', '工具删除同步', '{\"tools_id\":\"1\"}', 8, '127.0.0.1', '2021-09-09 02:04:03');
INSERT INTO `sys_log` VALUES (34, '/tools/delete/batch', '工具删除同步', '{\"tools_id\":\"1\"}', 5, '127.0.0.1', '2021-09-09 02:04:04');
INSERT INTO `sys_log` VALUES (35, '/tools/save', '工具同步', '{\"id\":\"1\",\"code\":\"001\",\"type\":\"锤子1\",\"rfid\":\"\",\"cabinetId\":\"2\"}', 7, '127.0.0.1', '2021-09-09 02:05:00');
INSERT INTO `sys_log` VALUES (36, '/toolsUser/save/batch', '工具人员绑定同步', '{\"toolsId\":\"1\",\"userIds\":[\"1\"]}', 5, '127.0.0.1', '2021-09-09 02:05:21');
INSERT INTO `sys_log` VALUES (37, '/toolsUser/save/batch', '工具人员绑定同步', '{\"remote_id\":\"1\"}', 8, '127.0.0.1', '2021-09-09 02:08:08');
INSERT INTO `sys_log` VALUES (38, '/toolsUser/delete/batch', '工具人员删除', '{\"tools_id\":\"1\",\"user_id\":\"2\"}', 7262, '127.0.0.1', '2021-09-09 02:12:19');
INSERT INTO `sys_log` VALUES (39, '/toolsUser/delete/batch', '工具人员删除', '{\"tools_id\":3,\"user_id\":\"2\"}', 2733, '127.0.0.1', '2021-09-09 02:16:10');
INSERT INTO `sys_log` VALUES (40, '/tools/delete/batch', '工具删除同步', '{\"tools_id\":\"1\"}', 7, '127.0.0.1', '2021-09-09 02:16:34');
INSERT INTO `sys_log` VALUES (41, '/tools/save', '工具同步', '{\"id\":\"1\",\"code\":\"001\",\"type\":\"锤子1\",\"rfid\":\"\",\"cabinetId\":\"2\"}', 15, '127.0.0.1', '2021-09-09 02:18:22');
INSERT INTO `sys_log` VALUES (42, '/tools/delete/batch', '工具删除同步', '{\"tools_id\":4}', 11, '127.0.0.1', '2021-09-09 02:18:25');
INSERT INTO `sys_log` VALUES (43, '/tools/save', '工具同步', '{\"id\":\"1\",\"code\":\"001\",\"type\":\"锤子1\",\"rfid\":\"\",\"cabinetId\":\"2\"}', 8, '127.0.0.1', '2021-09-09 02:18:38');
INSERT INTO `sys_log` VALUES (44, '/tools/delete/batch', '工具删除同步', '{\"tools_id\":5}', 12, '127.0.0.1', '2021-09-09 02:18:51');
INSERT INTO `sys_log` VALUES (45, '/user/save', '人员同步', '{\"userId\":\"2\",\"username\":\"002\",\"nickname\":\"张三\",\"idcard\":\"\",\"email\":\"\",\"mobile\":\"\",\"status\":\"0\",\"staffCode\":\"…123\"}', 53, '127.0.0.1', '2021-09-09 02:21:13');
INSERT INTO `sys_log` VALUES (46, '/tools/save', '工具同步', '{\"id\":\"1\",\"code\":\"001\",\"type\":\"锤子1\",\"rfid\":\"\",\"cabinetId\":\"2\"}', 24, '127.0.0.1', '2021-09-09 02:33:15');
INSERT INTO `sys_log` VALUES (47, '/toolsUser/save/batch', '工具人员绑定同步', '{\"remote_id\":\"1\"}', 25, '127.0.0.1', '2021-09-09 02:48:16');
INSERT INTO `sys_log` VALUES (48, '/user/save', '人员同步', '{\"userId\":\"2\",\"username\":\"002\",\"nickname\":\"张三\",\"idcard\":\"\",\"email\":\"\",\"mobile\":\"\",\"status\":\"0\",\"staffCode\":\"…123\"}', 46, '127.0.0.1', '2021-09-09 03:06:57');
INSERT INTO `sys_log` VALUES (49, '/user/save', '人员同步', '{\"userId\":\"13\",\"username\":\"003\",\"nickname\":\"亮甘\",\"idcard\":\"\",\"email\":\"\",\"mobile\":\"\",\"status\":\"0\",\"staffCode\":\"…123\"}', 42, '127.0.0.1', '2021-10-12 15:48:22');
INSERT INTO `sys_log` VALUES (50, '/user/save', '人员同步', '{\"userId\":\"13\",\"username\":\"003\",\"nickname\":\"亮甘\",\"idcard\":\"\",\"email\":\"\",\"mobile\":\"\",\"status\":\"0\",\"staffCode\":\"…123\"}', 20, '192.168.2.105', '2021-10-12 15:59:29');
INSERT INTO `sys_log` VALUES (51, '/user/save', '人员同步', '{\"userId\":\"13\",\"username\":\"003\",\"nickname\":\"亮甘\",\"idcard\":\"\",\"email\":\"\",\"mobile\":\"15694047739\",\"status\":\"0\",\"staffCode\":\"…123\"}', 14, '192.168.2.105', '2021-10-12 16:01:25');
INSERT INTO `sys_log` VALUES (52, '/user/save', '人员同步', '{\"userId\":\"13\",\"username\":\"004\",\"nickname\":\"张亮4\",\"idcard\":\"\",\"email\":\"\",\"mobile\":\"\",\"status\":\"0\",\"staffCode\":\"…123\"}', 24, '192.168.2.105', '2021-10-12 16:43:02');
INSERT INTO `sys_log` VALUES (53, '/user/save', '人员同步', '{\"userId\":\"13\",\"username\":\"004\",\"nickname\":\"张亮4\",\"idcard\":\"\",\"email\":\"\",\"mobile\":\"\",\"status\":\"0\",\"staffCode\":\"…123\"}', 27, '192.168.2.105', '2021-10-12 17:00:56');
INSERT INTO `sys_log` VALUES (54, '/user/save', '人员同步', '{\"userId\":\"13\",\"username\":\"004\",\"nickname\":\"张亮4\",\"idcard\":\"\",\"email\":\"\",\"mobile\":\"\",\"status\":\"0\",\"staffCode\":\"…123\"}', 23, '192.168.2.105', '2021-10-12 17:03:39');
INSERT INTO `sys_log` VALUES (55, '/user/save', '人员同步', '{\"userId\":\"13\",\"username\":\"004\",\"nickname\":\"张亮4\",\"idcard\":\"\",\"email\":\"\",\"mobile\":\"\",\"status\":\"0\",\"staffCode\":\"…123\"}', 122, '192.168.2.105', '2021-10-12 17:04:55');
INSERT INTO `sys_log` VALUES (56, '/user/save', '人员同步', '{\"userId\":\"9\",\"username\":\"laosong\",\"nickname\":\"老宋\",\"status\":\"0\",\"staffCode\":\"sfda123d\",\"idcard\":\"\",\"email\":\"\",\"mobile\":\"\"}', 111, '192.168.2.105', '2021-10-13 10:44:07');
INSERT INTO `sys_log` VALUES (57, '/user/save', '人员同步', '{\"userId\":\"9\",\"username\":\"laosong\",\"nickname\":\"老宋\",\"status\":\"0\",\"staffCode\":\"sfda123d\",\"idcard\":\"\",\"email\":\"\",\"mobile\":\"\"}', 14, '192.168.2.105', '2021-10-13 10:50:23');
INSERT INTO `sys_log` VALUES (58, '/user/save', '人员同步', '{\"userId\":\"9\",\"username\":\"laosong\",\"nickname\":\"老宋\",\"status\":\"1\",\"staffCode\":\"sfda123d\",\"idcard\":\"\",\"email\":\"\",\"mobile\":\"\"}', 16, '192.168.2.105', '2021-10-13 10:51:03');
INSERT INTO `sys_log` VALUES (59, '/user/save', '人员同步', '{\"userId\":\"9\",\"username\":\"laosong\",\"nickname\":\"老宋\",\"status\":\"0\",\"staffCode\":\"sfda123d\",\"idcard\":\"\",\"email\":\"\",\"mobile\":\"\"}', 16, '192.168.2.105', '2021-10-13 10:52:26');
INSERT INTO `sys_log` VALUES (60, '/user/save', '人员同步', '{\"userId\":\"13\",\"username\":\"laosong13\",\"nickname\":\"老宋13\",\"status\":\"0\",\"staffCode\":\"sfda123d\",\"idcard\":\"\",\"email\":\"\",\"mobile\":\"\"}', 14, '192.168.2.105', '2021-10-13 10:54:44');
INSERT INTO `sys_log` VALUES (61, '/user/save', '人员同步', '{\"userId\":\"14\",\"username\":\"003\",\"nickname\":\"亮甘\",\"idcard\":\"\",\"email\":\"\",\"mobile\":\"\",\"status\":\"0\",\"staffCode\":\"…123\"}', 14, '127.0.0.1', '2021-10-13 11:00:22');
INSERT INTO `sys_log` VALUES (62, '/user/delete/batch', '人员删除', '{}', 1, '127.0.0.1', '2021-10-13 12:42:21');
INSERT INTO `sys_log` VALUES (63, '/user/delete/batch', '人员删除', '{\"ids\":\"{14}\"}', 24, '127.0.0.1', '2021-10-13 12:42:34');
INSERT INTO `sys_log` VALUES (64, '/user/delete/batch', '人员删除', '{}', 0, '192.168.2.105', '2021-10-13 12:59:49');
INSERT INTO `sys_log` VALUES (65, '/user/delete/batch', '人员删除', '{\"ids\":\"{9}\"}', 32, '192.168.2.105', '2021-10-13 13:06:09');
INSERT INTO `sys_log` VALUES (66, '/user/delete/batch', '人员删除', '{\"ids\":\"{13,2}\"}', 46, '192.168.2.105', '2021-10-13 13:08:33');
INSERT INTO `sys_log` VALUES (67, '/user/save', '人员同步', '{\"userId\":\"14\",\"username\":\"003\",\"nickname\":\"亮甘\",\"idcard\":\"\",\"email\":\"\",\"mobile\":\"\",\"status\":\"0\",\"staffCode\":\"…123\"}', 49, '127.0.0.1', '2021-10-13 13:42:28');
INSERT INTO `sys_log` VALUES (68, '/user/delete/batch', '人员删除', '{}', 0, '127.0.0.1', '2021-10-13 13:43:20');
INSERT INTO `sys_log` VALUES (69, '/user/delete/batch', '人员删除', '{}', 0, '127.0.0.1', '2021-10-13 13:43:33');
INSERT INTO `sys_log` VALUES (70, '/user/delete/batch', '人员删除', '{}', 0, '127.0.0.1', '2021-10-13 13:45:56');
INSERT INTO `sys_log` VALUES (71, '/user/delete/batch', '人员删除', '{}', 0, '127.0.0.1', '2021-10-13 13:46:36');
INSERT INTO `sys_log` VALUES (72, '/user/delete/batch', '人员删除', '{}', 0, '127.0.0.1', '2021-10-13 13:46:40');
INSERT INTO `sys_log` VALUES (73, '/user/delete/batch', '人员删除', '{}', 0, '127.0.0.1', '2021-10-13 13:46:45');
INSERT INTO `sys_log` VALUES (74, '/user/delete/batch', '人员删除', '{}', 0, '127.0.0.1', '2021-10-13 13:46:54');
INSERT INTO `sys_log` VALUES (75, '/user/delete/batch', '人员删除', '{\"ids\":\"\"}', 0, '127.0.0.1', '2021-10-13 13:48:16');
INSERT INTO `sys_log` VALUES (76, '/user/delete/batch', '人员删除', '{}', 0, '127.0.0.1', '2021-10-13 13:48:26');
INSERT INTO `sys_log` VALUES (77, '/user/delete/batch', '人员删除', '{}', 0, '127.0.0.1', '2021-10-13 13:48:56');
INSERT INTO `sys_log` VALUES (78, '/user/delete/batch', '人员删除', '{}', 0, '127.0.0.1', '2021-10-13 13:49:11');
INSERT INTO `sys_log` VALUES (79, '/user/delete/batch', '人员删除', '{}', 0, '127.0.0.1', '2021-10-13 13:50:17');
INSERT INTO `sys_log` VALUES (80, '/user/delete/batch', '人员删除', '{}', 0, '127.0.0.1', '2021-10-13 13:55:08');
INSERT INTO `sys_log` VALUES (81, '/user/delete/batch', '人员删除', '{}', 0, '127.0.0.1', '2021-10-13 13:55:43');
INSERT INTO `sys_log` VALUES (82, '/user/delete/batch', '人员删除', '{}', 0, '127.0.0.1', '2021-10-13 13:56:21');
INSERT INTO `sys_log` VALUES (83, '/user/delete/batch', '人员删除', '{\"ids\":\"{14}\"}', 21, '127.0.0.1', '2021-10-13 13:59:05');
INSERT INTO `sys_log` VALUES (84, '/user/save', '人员同步', '{\"userId\":\"13\",\"username\":\"lianggan13\",\"nickname\":\"亮甘13\",\"status\":\"0\",\"staffCode\":\"sfda123d\",\"idcard\":\"\",\"email\":\"\",\"mobile\":\"\"}', 43, '192.168.2.105', '2021-10-13 14:55:46');
INSERT INTO `sys_log` VALUES (85, '/user/save', '人员同步', '{\"userId\":\"13\",\"username\":\"lianggan13\",\"nickname\":\"亮甘13\",\"status\":\"0\",\"staffCode\":\"sfda123d\",\"idcard\":\"511325199604290017\",\"email\":\"\",\"mobile\":\"\"}', 57, '192.168.2.105', '2021-10-13 15:03:38');
INSERT INTO `sys_log` VALUES (86, '/user/save', '人员同步', '{\"userId\":\"13\",\"username\":\"lianggan13\",\"nickname\":\"亮甘13\",\"status\":\"0\",\"staffCode\":\"sfda123d\",\"idcard\":\"\",\"email\":\"\",\"mobile\":\"\"}', 13, '192.168.2.105', '2021-10-13 15:04:30');
INSERT INTO `sys_log` VALUES (87, '/user/save', '人员同步', '{\"userId\":\"13\",\"username\":\"lianggan13\",\"nickname\":\"亮甘13\",\"status\":\"0\",\"staffCode\":\"sfda123d\",\"idcard\":\"8888888\",\"email\":\"\",\"mobile\":\"\"}', 16, '192.168.2.105', '2021-10-13 15:05:31');
INSERT INTO `sys_log` VALUES (88, '/user/save', '人员同步', '{\"userId\":\"13\",\"username\":\"lianggan13\",\"nickname\":\"亮甘13\",\"status\":\"0\",\"staffCode\":\"sfda123d\",\"email\":\"\",\"mobile\":\"\"}', 20, '192.168.2.105', '2021-10-13 15:06:05');
INSERT INTO `sys_log` VALUES (89, '/tools/save', '工具同步', '{\"id\":\"2\",\"code\":\"002\",\"type\":\"尚方宝剑\",\"status\":\"\",\"cabinetId\":\"2\"}', 71, '192.168.2.105', '2021-10-13 15:08:41');
INSERT INTO `sys_log` VALUES (90, '/tools/save', '工具同步', '{\"id\":\"2\",\"code\":\"002\",\"type\":\"尚方宝剑\",\"status\":\"\",\"cabinetId\":\"3\"}', 17, '192.168.2.105', '2021-10-13 15:13:33');
INSERT INTO `sys_log` VALUES (91, '/tools/save', '工具同步', '{\"id\":\"2\",\"code\":\"002\",\"type\":\"尚方宝剑\",\"status\":\"\",\"cabinetId\":\"2\"}', 61, '192.168.2.105', '2021-10-13 15:15:29');
INSERT INTO `sys_log` VALUES (92, '/tools/delete/batch', '工具删除同步', '{\"tools_id\":7}', 14, '192.168.2.105', '2021-10-13 15:29:41');
INSERT INTO `sys_log` VALUES (93, '/tools/save', '工具同步', '{\"id\":\"2\",\"code\":\"002\",\"type\":\"尚方宝剑\",\"status\":\"\",\"cabinetId\":\"2\"}', 17, '192.168.2.105', '2021-10-13 16:00:12');
INSERT INTO `sys_log` VALUES (94, '/toolsUser/save/batch', '工具人员绑定同步', '{\"id\":\"2\",\"userIds\":[\"1\",\"13\"]}', 0, '192.168.2.105', '2021-10-13 16:15:45');
INSERT INTO `sys_log` VALUES (95, '/toolsUser/save/batch', '工具人员绑定同步', '{\"remote_id\":\"2\"}', 15, '192.168.2.105', '2021-10-13 16:18:13');
INSERT INTO `sys_log` VALUES (96, '/toolsUser/delete/batch', '工具人员删除', '{\"remote_id\":\"8\"}', 5, '192.168.2.105', '2021-10-13 16:51:31');
INSERT INTO `sys_log` VALUES (97, '/toolsUser/delete/batch', '工具人员删除', '{\"remote_id\":\"8\"}', 4, '192.168.2.105', '2021-10-13 16:54:20');
INSERT INTO `sys_log` VALUES (98, '/toolsUser/delete/batch', '工具人员删除', '{\"remote_id\":\"8\"}', 174, '127.0.0.1', '2021-10-13 17:01:09');
INSERT INTO `sys_log` VALUES (99, '/toolsUser/delete/batch', '工具人员删除', '{\"remote_id\":\"8\"}', 12, '192.168.2.105', '2021-10-14 09:38:27');
INSERT INTO `sys_log` VALUES (100, '/toolsUser/delete/batch', '工具人员删除', '{\"remote_id\":\"8\"}', 6, '127.0.0.1', '2021-10-14 09:39:49');
INSERT INTO `sys_log` VALUES (101, '/tools/save', '工具同步', '{\"id\":\"2\",\"code\":\"002\",\"type\":\"锤子2\",\"status\":\"002\",\"cabinetId\":\"2\"}', 47, '192.168.2.105', '2021-10-14 09:47:38');
INSERT INTO `sys_log` VALUES (102, '/tools/delete/batch', '工具删除同步', '{\"tools_id\":8}', 38, '192.168.2.105', '2021-10-14 09:49:50');
INSERT INTO `sys_log` VALUES (103, '/tools/save', '工具同步', '{\"id\":\"2\",\"code\":\"002\",\"type\":\"锤子2\",\"status\":\"0002\",\"cabinetId\":\"2\"}', 20, '192.168.2.105', '2021-10-14 09:51:04');
INSERT INTO `sys_log` VALUES (104, '/tools/delete/batch', '工具删除同步', '{\"tools_id\":9}', 21, '192.168.2.105', '2021-10-14 09:53:47');
INSERT INTO `sys_log` VALUES (105, '/tools/delete/batch', '工具删除同步', '{\"remote_id\":\"2\"}', 5, '192.168.2.105', '2021-10-14 09:53:53');
INSERT INTO `sys_log` VALUES (106, '/tools/save', '工具同步', '{\"id\":\"2\",\"code\":\"002\",\"type\":\"锤子2\",\"rfid\":\"0002\",\"cabinetId\":\"2\"}', 16, '192.168.2.105', '2021-10-14 09:54:24');
INSERT INTO `sys_log` VALUES (107, '/tools/save', '工具同步', '{\"id\":\"3\",\"code\":\"003\",\"type\":\"锤子3\",\"rfid\":\"0003\",\"cabinetId\":\"3\"}', 26, '192.168.2.105', '2021-10-14 14:16:58');
INSERT INTO `sys_log` VALUES (108, '/tools/save', '工具同步', '{\"id\":\"3\",\"code\":\"003\",\"type\":\"锤子3\",\"rfid\":\"0003\",\"cabinetId\":\"3\"}', 9, '192.168.2.105', '2021-10-14 14:19:16');
INSERT INTO `sys_log` VALUES (109, '/tools/save', '工具同步', '{\"id\":\"2\",\"code\":\"002\",\"type\":\"锤子2\",\"rfid\":\"0002\",\"cabinetId\":\"2\"}', 54, '192.168.2.105', '2021-10-14 14:21:40');
INSERT INTO `sys_log` VALUES (110, '/tools/save', '工具同步', '{\"id\":\"3\",\"code\":\"003\",\"type\":\"锤子3\",\"rfid\":\"0003\",\"cabinetId\":\"2\"}', 33, '192.168.2.105', '2021-10-14 14:23:26');
INSERT INTO `sys_log` VALUES (111, '/user/delete/batch', '人员删除', '{\"ids\":\"{13}\"}', 241, '192.168.2.105', '2021-10-14 15:54:11');
INSERT INTO `sys_log` VALUES (112, '/user/save', '人员同步', '{\"userId\":\"14\",\"username\":\"lianggan14\",\"nickname\":\"亮甘14\",\"status\":\"0\",\"staffCode\":\"sfda123d\",\"idcard\":\"\",\"email\":\"\",\"mobile\":\"\"}', 75, '192.168.2.105', '2021-10-14 15:55:57');
INSERT INTO `sys_log` VALUES (113, '/toolsUser/save/batch', '工具人员绑定同步', '{\"remote_id\":\"2\"}', 992, '192.168.2.105', '2021-10-14 16:07:27');
INSERT INTO `sys_log` VALUES (114, '/user/delete/batch', '人员删除', '{\"ids\":\"{14}\"}', 49, '192.168.2.105', '2021-10-15 09:24:08');
INSERT INTO `sys_log` VALUES (115, '/user/save', '人员同步', '{\"userId\":\"15\",\"username\":\"lianggan14\",\"nickname\":\"亮甘14\",\"status\":\"0\",\"staffCode\":\"sfda123d\",\"idcard\":\"\",\"email\":\"\",\"mobile\":\"\"}', 30, '192.168.2.105', '2021-10-15 09:40:51');
INSERT INTO `sys_log` VALUES (116, '/user/delete/batch', '人员删除', '{\"ids\":\"{15}\"}', 29, '192.168.2.105', '2021-10-15 09:51:44');
INSERT INTO `sys_log` VALUES (117, '/user/save', '人员同步', '{\"userId\":\"14\",\"username\":\"lianggan14\",\"nickname\":\"亮甘14\",\"status\":\"1\",\"staffCode\":\"sfda123d\",\"idcard\":\"\",\"email\":\"\",\"mobile\":\"\"}', 34, '192.168.2.105', '2021-10-15 10:53:44');
INSERT INTO `sys_log` VALUES (118, '/user/save', '人员同步', '{\"userId\":\"14\",\"username\":\"\",\"nickname\":\"\",\"status\":\"0\",\"staffCode\":\"\",\"idcard\":\"\",\"email\":\"\",\"mobile\":\"\"}', 47, '192.168.2.105', '2021-10-15 10:55:39');
INSERT INTO `sys_log` VALUES (119, '/user/save', '人员同步', '{\"userId\":\"14\",\"username\":\"\",\"nickname\":\"\",\"status\":\"1\",\"staffCode\":\"\",\"idcard\":\"\",\"email\":\"\",\"mobile\":\"\"}', 127, '127.0.0.1', '2021-10-21 17:31:40');
INSERT INTO `sys_log` VALUES (120, '/user/save', '人员同步', '{\"userId\":\"1001\",\"username\":\"1001\",\"nickname\":\"马工\",\"status\":\"0\",\"staffCode\":\"\",\"idcard\":\"\",\"email\":\"\",\"mobile\":\"\"}', 82, '127.0.0.1', '2021-10-22 14:40:07');
INSERT INTO `sys_log` VALUES (121, '/user/delete/batch', '人员删除', '{\"ids\":\"{14}\"}', 55, '127.0.0.1', '2021-10-22 14:49:14');
INSERT INTO `sys_log` VALUES (122, '/user/delete/batch', '人员删除', '{\"ids\":\"{1}\"}', 47, '127.0.0.1', '2021-10-22 14:58:23');
INSERT INTO `sys_log` VALUES (123, '/user/delete/batch', '人员删除', '{\"ids\":\"{1001}\"}', 40, '127.0.0.1', '2021-10-22 14:58:23');
INSERT INTO `sys_log` VALUES (124, '/user/save', '人员同步', '{\"userId\":\"2\",\"username\":\"管理员\",\"nickname\":\"管理员\",\"status\":\"0\",\"staffCode\":\"\",\"idcard\":\"\",\"email\":\"\",\"mobile\":\"\"}', 62, '127.0.0.1', '2021-10-22 15:36:24');
INSERT INTO `sys_log` VALUES (125, '/user/delete/batch', '人员删除', '{\"ids\":\"{2}\"}', 35, '127.0.0.1', '2021-10-22 15:38:19');
INSERT INTO `sys_log` VALUES (126, '/user/save', '人员同步', '{\"userId\":\"1\",\"username\":\"001\",\"nickname\":\"管理员\",\"status\":\"0\",\"staffCode\":\"\",\"idcard\":\"\",\"email\":\"\",\"mobile\":\"\"}', 19, '127.0.0.1', '2021-10-22 15:38:38');
INSERT INTO `sys_log` VALUES (127, '/user/save', '人员同步', '{\"userId\":\"13\",\"username\":\"013\",\"nickname\":\"亮甘13\",\"status\":\"0\",\"staffCode\":\"\",\"idcard\":\"\",\"email\":\"\",\"mobile\":\"\"}', 50, '127.0.0.1', '2021-10-22 15:46:04');
INSERT INTO `sys_log` VALUES (128, '/user/save', '人员同步', '{\"userId\":\"13\",\"username\":\"013\",\"nickname\":\"亮甘13\",\"status\":\"0\",\"staffCode\":\"\",\"idcard\":\"\",\"email\":\"\",\"mobile\":\"\"}', 32, '127.0.0.1', '2021-10-22 16:06:44');
INSERT INTO `sys_log` VALUES (129, '/user/save', '人员同步', '{\"userId\":\"14\",\"username\":\"014\",\"nickname\":\"李四\",\"status\":\"1\",\"staffCode\":\"12321\",\"idcard\":\"\",\"email\":\"\",\"mobile\":\"\"}', 157, '192.168.1.87', '2021-11-02 10:54:54');

-- ----------------------------
-- Table structure for sys_menu
-- ----------------------------
DROP TABLE IF EXISTS `sys_menu`;
CREATE TABLE `sys_menu`  (
  `menu_id` bigint(20) NOT NULL AUTO_INCREMENT,
  `parent_id` bigint(20) NULL DEFAULT NULL COMMENT '父菜单ID，一级菜单为0',
  `name` varchar(50) CHARACTER SET utf8 COLLATE utf8_general_ci NULL DEFAULT NULL COMMENT '菜单名称',
  `url` varchar(200) CHARACTER SET utf8 COLLATE utf8_general_ci NULL DEFAULT NULL COMMENT '菜单URL',
  `perms` varchar(500) CHARACTER SET utf8 COLLATE utf8_general_ci NULL DEFAULT NULL COMMENT '授权(多个用逗号分隔，如：user:list,user:create)',
  `type` int(11) NULL DEFAULT NULL COMMENT '类型   0：目录   1：菜单   2：按钮',
  `icon` varchar(50) CHARACTER SET utf8 COLLATE utf8_general_ci NULL DEFAULT NULL COMMENT '菜单图标',
  `order_num` int(11) NULL DEFAULT NULL COMMENT '排序',
  PRIMARY KEY (`menu_id`) USING BTREE
) ENGINE = InnoDB AUTO_INCREMENT = 161 CHARACTER SET = utf8 COLLATE = utf8_general_ci COMMENT = '菜单管理' ROW_FORMAT = Dynamic;

-- ----------------------------
-- Records of sys_menu
-- ----------------------------
INSERT INTO `sys_menu` VALUES (1, 0, '系统管理', NULL, NULL, 0, 'zonghe', 0);
INSERT INTO `sys_menu` VALUES (2, 1, '用户列表', 'sys/user', NULL, 1, 'userlist', 1);
INSERT INTO `sys_menu` VALUES (3, 1, '角色管理', 'sys/role', NULL, 1, 'role', 2);
INSERT INTO `sys_menu` VALUES (4, 1, '菜单管理', 'sys/menu', NULL, 1, 'menu', 3);
INSERT INTO `sys_menu` VALUES (6, 0, '定时任务', 'job/schedule', NULL, 1, 'schedule', 2);
INSERT INTO `sys_menu` VALUES (7, 6, '查看', NULL, 'sys:schedule:list,sys:schedule:info', 2, NULL, 0);
INSERT INTO `sys_menu` VALUES (8, 6, '新增', NULL, 'sys:schedule:save', 2, NULL, 0);
INSERT INTO `sys_menu` VALUES (9, 6, '修改', NULL, 'sys:schedule:update', 2, NULL, 0);
INSERT INTO `sys_menu` VALUES (10, 6, '删除', NULL, 'sys:schedule:delete', 2, NULL, 0);
INSERT INTO `sys_menu` VALUES (11, 6, '暂停', NULL, 'sys:schedule:pause', 2, NULL, 0);
INSERT INTO `sys_menu` VALUES (12, 6, '恢复', NULL, 'sys:schedule:resume', 2, NULL, 0);
INSERT INTO `sys_menu` VALUES (13, 6, '立即执行', NULL, 'sys:schedule:run', 2, NULL, 0);
INSERT INTO `sys_menu` VALUES (14, 6, '日志列表', NULL, 'sys:schedule:log', 2, NULL, 0);
INSERT INTO `sys_menu` VALUES (15, 2, '查看', NULL, 'sys:user:list,sys:user:info', 2, NULL, 0);
INSERT INTO `sys_menu` VALUES (19, 3, '查看', NULL, 'sys:role:list,sys:role:info', 2, NULL, 0);
INSERT INTO `sys_menu` VALUES (20, 3, '新增', NULL, 'sys:role:save,sys:menu:list,sys:dept:select', 2, NULL, 0);
INSERT INTO `sys_menu` VALUES (21, 3, '修改', NULL, 'sys:role:update,sys:menu:list', 2, NULL, 0);
INSERT INTO `sys_menu` VALUES (22, 3, '删除', NULL, 'sys:role:delete', 2, NULL, 0);
INSERT INTO `sys_menu` VALUES (23, 4, '查看', NULL, 'sys:menu:list,sys:menu:info', 2, NULL, 0);
INSERT INTO `sys_menu` VALUES (24, 4, '新增', NULL, 'sys:menu:save,sys:menu:select', 2, NULL, 0);
INSERT INTO `sys_menu` VALUES (25, 4, '修改', NULL, 'sys:menu:update,sys:menu:select', 2, NULL, 0);
INSERT INTO `sys_menu` VALUES (26, 4, '删除', NULL, 'sys:menu:delete', 2, NULL, 0);
INSERT INTO `sys_menu` VALUES (120, 2, '指纹采集', NULL, 'sys:sysuserfinger:save,sys:sysuserfinger:list,sys:sysuserfinger:delete', 2, NULL, 0);
INSERT INTO `sys_menu` VALUES (140, 2, '采集人脸', NULL, 'sys:sysuserface:list', 2, NULL, 0);
INSERT INTO `sys_menu` VALUES (142, 0, '配置管理', 'sys/config', NULL, 1, 'menu', 1);
INSERT INTO `sys_menu` VALUES (143, 142, '新增', NULL, 'sys:config:save,sys:config:select', 2, NULL, 0);
INSERT INTO `sys_menu` VALUES (144, 142, '修改', NULL, 'sys:config:update,sys:config:select', 2, NULL, 0);
INSERT INTO `sys_menu` VALUES (145, 142, '查看', NULL, 'sys:config:list,sys:config:info', 2, NULL, 0);
INSERT INTO `sys_menu` VALUES (146, 142, '删除', NULL, 'sys:config:delete', 2, NULL, 0);
INSERT INTO `sys_menu` VALUES (147, 0, '日志管理', '/sys/log', '', 1, 'yjcard', 5);
INSERT INTO `sys_menu` VALUES (148, 147, '查询', '', 'sys:log:list', 2, '', 0);
INSERT INTO `sys_menu` VALUES (151, 0, '请求日志', 'sys/sysrequestlog', NULL, 1, 'yjcard', 6);
INSERT INTO `sys_menu` VALUES (152, 151, '查看', NULL, 'sys:sysrequestlog:list,sys:sysrequestlog:info', 2, NULL, 6);
INSERT INTO `sys_menu` VALUES (153, 151, '新增', NULL, 'sys:sysrequestlog:save', 2, NULL, 6);
INSERT INTO `sys_menu` VALUES (154, 151, '修改', NULL, 'sys:sysrequestlog:update', 2, NULL, 6);
INSERT INTO `sys_menu` VALUES (155, 151, '删除', NULL, 'sys:sysrequestlog:delete', 2, NULL, 6);
INSERT INTO `sys_menu` VALUES (156, 0, '柜子管理', 'tools/ttoolscabinet', NULL, 1, 'cabinet', 3);
INSERT INTO `sys_menu` VALUES (157, 156, '查看', NULL, 'tools:cabinet:list', 2, NULL, 0);
INSERT INTO `sys_menu` VALUES (158, 0, '工具管理', 'tools/ttoolsinfo', NULL, 1, 'key', 4);
INSERT INTO `sys_menu` VALUES (159, 158, '查看', NULL, 'tools:info:list', 2, NULL, 0);
INSERT INTO `sys_menu` VALUES (160, 158, '查看角色', NULL, 'tools:info:user', 2, NULL, 0);

-- ----------------------------
-- Table structure for sys_oss
-- ----------------------------
DROP TABLE IF EXISTS `sys_oss`;
CREATE TABLE `sys_oss`  (
  `id` bigint(20) NOT NULL AUTO_INCREMENT,
  `url` varchar(200) CHARACTER SET utf8 COLLATE utf8_general_ci NULL DEFAULT NULL COMMENT 'URL地址',
  `create_date` datetime(0) NULL DEFAULT NULL COMMENT '创建时间',
  PRIMARY KEY (`id`) USING BTREE
) ENGINE = InnoDB AUTO_INCREMENT = 1 CHARACTER SET = utf8 COLLATE = utf8_general_ci COMMENT = '文件上传' ROW_FORMAT = Dynamic;

-- ----------------------------
-- Records of sys_oss
-- ----------------------------

-- ----------------------------
-- Table structure for sys_request_log
-- ----------------------------
DROP TABLE IF EXISTS `sys_request_log`;
CREATE TABLE `sys_request_log`  (
  `ID` bigint(20) NOT NULL AUTO_INCREMENT,
  `API_NAME` varchar(50) CHARACTER SET utf8 COLLATE utf8_general_ci NULL DEFAULT NULL COMMENT '请求方法',
  `INFO` varchar(20) CHARACTER SET utf8 COLLATE utf8_general_ci NULL DEFAULT NULL COMMENT '备注',
  `PARAMS` varchar(500) CHARACTER SET utf8 COLLATE utf8_general_ci NULL DEFAULT NULL COMMENT '参数',
  `RESULT_INFO` varchar(500) CHARACTER SET utf8 COLLATE utf8_general_ci NULL DEFAULT NULL COMMENT '结果',
  `TIME` varchar(20) CHARACTER SET utf8 COLLATE utf8_general_ci NULL DEFAULT NULL COMMENT '请求时长',
  `CREATE_TIME` varchar(40) CHARACTER SET utf8 COLLATE utf8_general_ci NULL DEFAULT NULL COMMENT '创建时间',
  `NUMBER` int(10) NULL DEFAULT NULL COMMENT '请求次数',
  `RESULT_CODE` varchar(20) CHARACTER SET utf8 COLLATE utf8_general_ci NULL DEFAULT NULL COMMENT '状态码',
  `UPDATE_TIME` varchar(40) CHARACTER SET utf8 COLLATE utf8_general_ci NULL DEFAULT NULL COMMENT '最近发送时间',
  PRIMARY KEY (`ID`) USING BTREE
) ENGINE = InnoDB AUTO_INCREMENT = 302 CHARACTER SET = utf8 COLLATE = utf8_general_ci COMMENT = '请求日志' ROW_FORMAT = Dynamic;

-- ----------------------------
-- Records of sys_request_log
-- ----------------------------
INSERT INTO `sys_request_log` VALUES (14, '/cabinetStatus', '离线状态上传', '{\"terminalid\":\"-6878149220931188954\",\"type\":\"1\",\"cellid\":\"\",\"userid\":\"\",\"billno\":\"\",\"carid\":\"\"}', '{  \"code\" : 0,  \"data\" : \"{\\\"terminalid\\\":\\\"-6878149220931188954\\\",\\\"type\\\":\\\"1\\\",\\\"cellid\\\":\\\"\\\",\\\"userid\\\":\\\"\\\",\\\"billno\\\":\\\"\\\",\\\"carid\\\":\\\"\\\"}\",  \"message\" : null}', '217', '2021-05-21 15:30:33', 2, '0', '2021-05-21 17:00:00');
INSERT INTO `sys_request_log` VALUES (21, '/tools/bindRfid', '绑定标签', '{\"rfid\":\"123\",\"toolsId\":\"1\"}', '{\"code\":200,\"cloud_result\":\"\",\"message\":\"成功\"}', '109', '2021-09-09 02:55:15', 1, '200', NULL);
INSERT INTO `sys_request_log` VALUES (22, '/toolsLog/save', '绑定标签', '{\"remark\":\"123123123\",\"type\":\"1\",\"userId\":\"222314\",\"toolsId\":\"6\"}', '{\"code\":200,\"cloud_result\":\"\",\"message\":\"成功\"}', '9', '2021-09-09 02:58:24', 1, '200', NULL);
INSERT INTO `sys_request_log` VALUES (23, '/toolsLog/save', '绑定标签', '{\"remark\":\"123123123\",\"type\":\"入柜\",\"userId\":\"2\",\"toolsId\":\"1\"}', '{\"code\":200,\"cloud_result\":\"\",\"message\":\"成功\"}', '153', '2021-09-09 03:00:36', 1, '200', NULL);
INSERT INTO `sys_request_log` VALUES (24, '/toolsLog/save', '绑定标签', '{\"remark\":\"123123123\",\"type\":\"出柜\",\"userId\":\"2\",\"toolsId\":\"1\"}', '{\"code\":200,\"cloud_result\":\"\",\"message\":\"成功\"}', '9', '2021-09-09 03:01:26', 1, '200', NULL);
INSERT INTO `sys_request_log` VALUES (25, '/toolsLog/save', '绑定标签', '{\"remark\":\"123123123\",\"type\":\"借出\",\"userId\":\"2\",\"toolsId\":\"1\"}', '{\"code\":200,\"cloud_result\":\"\",\"message\":\"成功\"}', '8', '2021-09-09 03:01:29', 1, '200', NULL);
INSERT INTO `sys_request_log` VALUES (26, '/toolsLog/save', '绑定标签', '{\"remark\":\"123123123\",\"type\":\"归还\",\"userId\":\"2\",\"toolsId\":\"1\"}', '{\"code\":200,\"cloud_result\":\"\",\"message\":\"成功\"}', '8', '2021-09-09 03:01:32', 1, '200', NULL);
INSERT INTO `sys_request_log` VALUES (27, '/toolsLog/save', '绑定标签', '{\"remark\":\"\",\"type\":\"归还\",\"userId\":\"-1\",\"toolsId\":\"2\"}', '{\"code\":200,\"cloud_result\":\"\",\"message\":\"成功\"}', '50', '2021-10-14 09:56:49', 1, '200', NULL);
INSERT INTO `sys_request_log` VALUES (28, '/toolsLog/save', '绑定标签', '{\"remark\":\"\",\"type\":\"归还\",\"userId\":\"-1\",\"toolsId\":\"1\"}', '{\"code\":200,\"cloud_result\":\"\",\"message\":\"成功\"}', '50', '2021-10-14 09:56:49', 1, '200', NULL);
INSERT INTO `sys_request_log` VALUES (29, '/toolsLog/save', '绑定标签', '{\"remark\":\"\",\"type\":\"归还\",\"userId\":\"-1\",\"toolsId\":\"2\"}', '{\"code\":200,\"cloud_result\":\"\",\"message\":\"成功\"}', '11', '2021-10-14 09:58:16', 1, '200', NULL);
INSERT INTO `sys_request_log` VALUES (30, '/toolsLog/save', '绑定标签', '{\"remark\":\"\",\"type\":\"借出\",\"userId\":\"-1\",\"toolsId\":\"1\"}', '{\"code\":200,\"cloud_result\":\"\",\"message\":\"成功\"}', '6', '2021-10-14 10:00:06', 1, '200', NULL);
INSERT INTO `sys_request_log` VALUES (31, '/toolsLog/save', '绑定标签', '{\"remark\":\"\",\"type\":\"归还\",\"userId\":\"-1\",\"toolsId\":\"1\"}', '{\"code\":200,\"cloud_result\":\"\",\"message\":\"成功\"}', '7', '2021-10-14 10:00:50', 1, '200', NULL);
INSERT INTO `sys_request_log` VALUES (32, '/toolsLog/save', '绑定标签', '{\"remark\":\"\",\"type\":\"归还\",\"userId\":\"-1\",\"toolsId\":\"1\"}', '{\"code\":200,\"cloud_result\":\"\",\"message\":\"成功\"}', '7', '2021-10-14 10:12:32', 1, '200', NULL);
INSERT INTO `sys_request_log` VALUES (33, '/toolsLog/save', '绑定标签', '{\"remark\":\"\",\"type\":\"归还\",\"userId\":\"-1\",\"toolsId\":\"1\"}', '{\"code\":200,\"cloud_result\":\"\",\"message\":\"成功\"}', '7', '2021-10-14 10:12:46', 1, '200', NULL);
INSERT INTO `sys_request_log` VALUES (34, '/toolsLog/save', '绑定标签', '{\"remark\":\"\",\"type\":\"借出\",\"userId\":\"-1\",\"toolsId\":\"2\"}', '{\"code\":200,\"cloud_result\":\"\",\"message\":\"成功\"}', '23', '2021-10-14 10:12:56', 1, '200', NULL);
INSERT INTO `sys_request_log` VALUES (35, '/toolsLog/save', '绑定标签', '{\"remark\":\"\",\"type\":\"归还\",\"userId\":\"-1\",\"toolsId\":\"1\"}', '{\"code\":200,\"cloud_result\":\"\",\"message\":\"成功\"}', '8', '2021-10-14 10:22:15', 1, '200', NULL);
INSERT INTO `sys_request_log` VALUES (36, '/toolsLog/save', '绑定标签', '{\"remark\":\"\",\"type\":\"归还\",\"userId\":\"-1\",\"toolsId\":\"1\"}', '{\"code\":200,\"cloud_result\":\"\",\"message\":\"成功\"}', '93', '2021-10-14 11:16:00', 1, '200', NULL);
INSERT INTO `sys_request_log` VALUES (37, '/toolsLog/save', '绑定标签', '{\"remark\":\"\",\"type\":\"归还\",\"userId\":\"-1\",\"toolsId\":\"1\"}', '{\"code\":200,\"cloud_result\":\"\",\"message\":\"成功\"}', '10', '2021-10-14 11:18:12', 1, '200', NULL);
INSERT INTO `sys_request_log` VALUES (38, '/toolsLog/save', '绑定标签', '{\"remark\":\"\",\"type\":\"归还\",\"userId\":\"-1\",\"toolsId\":\"2\"}', '{\"code\":200,\"cloud_result\":\"\",\"message\":\"成功\"}', '13', '2021-10-14 11:33:00', 1, '200', NULL);
INSERT INTO `sys_request_log` VALUES (39, '/toolsLog/save', '绑定标签', '{\"remark\":\"\",\"type\":\"借出\",\"userId\":\"-1\",\"toolsId\":\"2\"}', NULL, '451', '2021-10-14 13:04:38', 1, NULL, NULL);
INSERT INTO `sys_request_log` VALUES (40, '/toolsLog/save', '绑定标签', '{\"remark\":\"\",\"type\":\"归还\",\"userId\":\"-1\",\"toolsId\":\"2\"}', NULL, '217', '2021-10-14 13:05:23', 1, NULL, NULL);
INSERT INTO `sys_request_log` VALUES (41, '/toolsLog/save', '绑定标签', '{\"remark\":\"\",\"type\":\"归还\",\"userId\":\"-1\",\"toolsId\":\"2\"}', NULL, '7', '2021-10-14 13:05:28', 1, NULL, NULL);
INSERT INTO `sys_request_log` VALUES (42, '/toolsLog/save', '绑定标签', '{\"remark\":\"\",\"type\":\"借出\",\"userId\":\"-1\",\"toolsId\":\"1\"}', NULL, '9', '2021-10-14 13:05:38', 1, NULL, NULL);
INSERT INTO `sys_request_log` VALUES (43, '/toolsLog/save', '绑定标签', '{\"remark\":\"\",\"type\":\"归还\",\"userId\":\"-1\",\"toolsId\":\"1\"}', NULL, '21210', '2021-10-14 13:10:12', 1, NULL, NULL);
INSERT INTO `sys_request_log` VALUES (44, '/toolsLog/save', '绑定标签', '{\"remark\":\"\",\"type\":\"借出\",\"userId\":\"-1\",\"toolsId\":\"2\"}', NULL, '21226', '2021-10-14 13:10:22', 1, NULL, NULL);
INSERT INTO `sys_request_log` VALUES (45, '/toolsLog/save', '绑定标签', '{\"remark\":\"\",\"type\":\"归还\",\"userId\":\"-1\",\"toolsId\":\"2\"}', NULL, '52', '2021-10-14 13:35:18', 1, NULL, NULL);
INSERT INTO `sys_request_log` VALUES (46, '/toolsLog/save', '绑定标签', '{\"remark\":\"\",\"type\":\"借出\",\"userId\":\"-1\",\"toolsId\":\"1\"}', NULL, '10', '2021-10-14 13:37:49', 1, NULL, NULL);
INSERT INTO `sys_request_log` VALUES (47, '/toolsLog/save', '绑定标签', '{\"remark\":\"\",\"type\":\"借出\",\"userId\":\"-1\",\"toolsId\":\"2\"}', NULL, '727', '2021-10-14 13:50:24', 1, NULL, NULL);
INSERT INTO `sys_request_log` VALUES (48, '/toolsLog/save', '绑定标签', '{\"remark\":\"\",\"type\":\"借出\",\"userId\":\"-1\",\"toolsId\":\"2\"}', NULL, '213', '2021-10-14 14:00:55', 1, NULL, NULL);
INSERT INTO `sys_request_log` VALUES (49, '/toolsLog/save', '绑定标签', '{\"remark\":\"\",\"type\":\"归还\",\"userId\":\"-1\",\"toolsId\":\"2\"}', NULL, '108', '2021-10-14 14:25:06', 1, NULL, NULL);
INSERT INTO `sys_request_log` VALUES (50, '/toolsLog/save', '绑定标签', '{\"remark\":\"\",\"type\":\"归还\",\"userId\":\"-1\",\"toolsId\":\"1\"}', NULL, '119', '2021-10-14 14:25:06', 1, NULL, NULL);
INSERT INTO `sys_request_log` VALUES (51, '/toolsLog/save', '绑定标签', '{\"remark\":\"\",\"type\":\"归还\",\"userId\":\"-1\",\"toolsId\":\"3\"}', NULL, '6', '2021-10-14 14:25:10', 1, NULL, NULL);
INSERT INTO `sys_request_log` VALUES (52, '/toolsLog/save', '绑定标签', '{\"remark\":\"\",\"type\":\"借出\",\"userId\":\"-1\",\"toolsId\":\"1\"}', NULL, '34', '2021-10-14 14:39:48', 1, NULL, NULL);
INSERT INTO `sys_request_log` VALUES (53, '/toolsLog/save', '绑定标签', '{\"remark\":\"\",\"type\":\"借出\",\"userId\":\"-1\",\"toolsId\":\"3\"}', NULL, '10068', '2021-10-14 14:45:37', 1, NULL, NULL);
INSERT INTO `sys_request_log` VALUES (54, '/toolsLog/save', '绑定标签', '{\"remark\":\"\",\"type\":\"借出\",\"userId\":\"-1\",\"toolsId\":\"3\"}', NULL, '10045', '2021-10-14 14:52:21', 1, NULL, NULL);
INSERT INTO `sys_request_log` VALUES (55, '/toolsLog/save', '绑定标签', '{\"remark\":\"\",\"type\":\"归还\",\"userId\":\"-1\",\"toolsId\":\"3\"}', NULL, '10042', '2021-10-14 14:55:17', 1, NULL, NULL);
INSERT INTO `sys_request_log` VALUES (56, '/toolsLog/save', '绑定标签', '{\"remark\":\"\",\"type\":\"归还\",\"userId\":\"-1\",\"toolsId\":\"1\"}', NULL, '10056', '2021-10-14 14:55:18', 1, NULL, NULL);
INSERT INTO `sys_request_log` VALUES (57, '/toolsLog/save', '绑定标签', '{\"remark\":\"\",\"type\":\"归还\",\"userId\":\"-1\",\"toolsId\":\"3\"}', NULL, '10039', '2021-10-14 15:02:11', 1, NULL, NULL);
INSERT INTO `sys_request_log` VALUES (58, '/toolsLog/save', '绑定标签', '{\"remark\":\"\",\"type\":\"归还\",\"userId\":\"-1\",\"toolsId\":\"1\"}', NULL, '10081', '2021-10-14 15:02:11', 1, NULL, NULL);
INSERT INTO `sys_request_log` VALUES (59, '/toolsLog/save', '绑定标签', '{\"remark\":\"\",\"type\":\"借出\",\"userId\":\"-1\",\"toolsId\":\"2\"}', NULL, '10038', '2021-10-14 15:02:21', 1, NULL, NULL);
INSERT INTO `sys_request_log` VALUES (60, '/toolsLog/save', '绑定标签', '{\"remark\":\"\",\"type\":\"归还\",\"userId\":\"-1\",\"toolsId\":\"1\"}', NULL, '10037', '2021-10-14 15:13:22', 1, NULL, NULL);
INSERT INTO `sys_request_log` VALUES (61, '/toolsLog/save', '绑定标签', '{\"remark\":\"\",\"type\":\"归还\",\"userId\":\"-1\",\"toolsId\":\"3\"}', NULL, '10072', '2021-10-14 15:13:22', 1, NULL, NULL);
INSERT INTO `sys_request_log` VALUES (62, '/toolsLog/save', '绑定标签', '{\"remark\":\"\",\"type\":\"归还\",\"userId\":\"-1\",\"toolsId\":\"3\"}', '{\"remark\":\"\",\"type\":\"归还\",\"userId\":\"-1\",\"toolsId\":\"3\"}', '144', '2021-10-14 15:18:01', 1, NULL, NULL);
INSERT INTO `sys_request_log` VALUES (63, '/toolsLog/save', '绑定标签', '{\"remark\":\"\",\"type\":\"归还\",\"userId\":\"-1\",\"toolsId\":\"1\"}', '{\"remark\":\"\",\"type\":\"归还\",\"userId\":\"-1\",\"toolsId\":\"1\"}', '142', '2021-10-14 15:18:01', 1, NULL, NULL);
INSERT INTO `sys_request_log` VALUES (64, '/toolsLog/save', '绑定标签', '{\"remark\":\"\",\"type\":\"借出\",\"userId\":\"-1\",\"toolsId\":\"2\"}', '{\"remark\":\"\",\"type\":\"借出\",\"userId\":\"-1\",\"toolsId\":\"2\"}', '14', '2021-10-14 15:18:11', 1, NULL, NULL);
INSERT INTO `sys_request_log` VALUES (65, '/toolsLog/save', '绑定标签', '{\"remark\":\"\",\"type\":\"归还\",\"userId\":\"-1\",\"toolsId\":\"3\"}', '{\"remark\":\"\",\"type\":\"归还\",\"userId\":\"-1\",\"toolsId\":\"3\"}', '19', '2021-10-14 15:23:26', 1, NULL, NULL);
INSERT INTO `sys_request_log` VALUES (66, '/toolsLog/save', '绑定标签', '{\"remark\":\"\",\"type\":\"归还\",\"userId\":\"-1\",\"toolsId\":\"2\"}', '{\"remark\":\"\",\"type\":\"归还\",\"userId\":\"-1\",\"toolsId\":\"2\"}', '10', '2021-10-14 15:24:51', 1, NULL, NULL);
INSERT INTO `sys_request_log` VALUES (67, '/toolsLog/save', '绑定标签', '{\"remark\":\"\",\"type\":\"归还\",\"userId\":\"-1\",\"toolsId\":\"2\"}', '{\"remark\":\"\",\"type\":\"归还\",\"userId\":\"-1\",\"toolsId\":\"2\"}', '12', '2021-10-14 15:25:49', 1, NULL, NULL);
INSERT INTO `sys_request_log` VALUES (68, '/toolsLog/save', '绑定标签', '{\"remark\":\"\",\"type\":\"借出\",\"userId\":\"-1\",\"toolsId\":\"1\"}', '{\"remark\":\"\",\"type\":\"借出\",\"userId\":\"-1\",\"toolsId\":\"1\"}', '10', '2021-10-14 15:25:59', 1, NULL, NULL);
INSERT INTO `sys_request_log` VALUES (69, '/toolsLog/save', '绑定标签', '{\"remark\":\"\",\"type\":\"借出\",\"userId\":\"-1\",\"toolsId\":\"1\"}', '{\"remark\":\"\",\"type\":\"借出\",\"userId\":\"-1\",\"toolsId\":\"1\"}', '13', '2021-10-14 15:33:09', 1, NULL, NULL);
INSERT INTO `sys_request_log` VALUES (70, '/toolsLog/save', '绑定标签', '{\"remark\":\"\",\"type\":\"归还\",\"userId\":\"-1\",\"toolsId\":\"1\"}', '{\"remark\":\"\",\"type\":\"归还\",\"userId\":\"-1\",\"toolsId\":\"1\"}', '5060', '2021-10-14 16:04:15', 1, NULL, NULL);
INSERT INTO `sys_request_log` VALUES (71, '/toolsLog/save', '绑定标签', '{\"remark\":\"\",\"type\":\"归还\",\"userId\":\"-1\",\"toolsId\":\"1\"}', '{\"remark\":\"\",\"type\":\"归还\",\"userId\":\"-1\",\"toolsId\":\"1\"}', '4009', '2021-10-14 16:08:01', 1, NULL, NULL);
INSERT INTO `sys_request_log` VALUES (72, '/toolsLog/save', '绑定标签', '{\"remark\":\"\",\"type\":\"借出\",\"userId\":\"14\",\"toolsId\":\"2\"}', '{\"remark\":\"\",\"type\":\"借出\",\"userId\":\"14\",\"toolsId\":\"2\"}', '33', '2021-10-14 16:31:52', 1, NULL, NULL);
INSERT INTO `sys_request_log` VALUES (73, '/toolsLog/save', '绑定标签', '{\"remark\":\"\",\"type\":\"借出\",\"userId\":\"14\",\"toolsId\":\"2\"}', '{\"remark\":\"\",\"type\":\"借出\",\"userId\":\"14\",\"toolsId\":\"2\"}', '34', '2021-10-14 16:33:09', 1, NULL, NULL);
INSERT INTO `sys_request_log` VALUES (74, '/toolsLog/save', '绑定标签', '{\"remark\":\"\",\"type\":\"归还\",\"userId\":\"14\",\"toolsId\":\"2\"}', '{\"remark\":\"\",\"type\":\"归还\",\"userId\":\"14\",\"toolsId\":\"2\"}', '530', '2021-10-14 16:34:46', 1, NULL, NULL);
INSERT INTO `sys_request_log` VALUES (75, '/toolsLog/save', '绑定标签', '{\"remark\":\"\",\"type\":\"归还\",\"userId\":\"14\",\"toolsId\":\"2\"}', '{\"remark\":\"\",\"type\":\"归还\",\"userId\":\"14\",\"toolsId\":\"2\"}', '1507', '2021-10-14 16:35:32', 1, NULL, NULL);
INSERT INTO `sys_request_log` VALUES (76, '/toolsLog/save', '绑定标签', '{\"remark\":\"\",\"type\":\"借出\",\"userId\":\"14\",\"toolsId\":\"1\"}', '{\"remark\":\"\",\"type\":\"借出\",\"userId\":\"14\",\"toolsId\":\"1\"}', '4', '2021-10-14 16:35:40', 1, NULL, NULL);
INSERT INTO `sys_request_log` VALUES (77, '/toolsLog/save', '绑定标签', '{\"remark\":\"\",\"type\":\"归还\",\"userId\":\"14\",\"toolsId\":\"2\"}', '{\"remark\":\"\",\"type\":\"归还\",\"userId\":\"14\",\"toolsId\":\"2\"}', '17', '2021-10-14 16:36:30', 1, NULL, NULL);
INSERT INTO `sys_request_log` VALUES (78, '/toolsLog/save', '绑定标签', '{\"remark\":\"\",\"type\":\"归还\",\"userId\":\"14\",\"toolsId\":\"1\"}', '{\"remark\":\"\",\"type\":\"归还\",\"userId\":\"14\",\"toolsId\":\"1\"}', '79', '2021-10-14 17:33:00', 1, NULL, NULL);
INSERT INTO `sys_request_log` VALUES (79, '/toolsLog/save', '绑定标签', '{\"remark\":\"\",\"type\":\"借出\",\"userId\":\"14\",\"toolsId\":\"1\"}', NULL, '1056', '2021-10-15 11:48:19', 1, NULL, NULL);
INSERT INTO `sys_request_log` VALUES (80, '/toolsLog/save', '绑定标签', '{\"remark\":\"\",\"type\":\"借出\",\"userId\":\"14\",\"toolsId\":\"2\"}', NULL, '1039', '2021-10-15 11:48:19', 1, NULL, NULL);
INSERT INTO `sys_request_log` VALUES (81, '/toolsLog/save', '绑定标签', '{\"remark\":\"\",\"type\":\"借出\",\"userId\":\"14\",\"toolsId\":\"1\"}', NULL, '10048', '2021-10-15 11:52:55', 1, NULL, NULL);
INSERT INTO `sys_request_log` VALUES (82, '/toolsLog/save', '绑定标签', '{\"remark\":\"\",\"type\":\"借出\",\"userId\":\"14\",\"toolsId\":\"2\"}', NULL, '10047', '2021-10-15 11:52:57', 1, NULL, NULL);
INSERT INTO `sys_request_log` VALUES (83, '/toolsLog/save', '绑定标签', '{\"remark\":\"\",\"type\":\"归还\",\"userId\":\"14\",\"toolsId\":\"2\"}', NULL, '10037', '2021-10-15 11:55:44', 1, NULL, NULL);
INSERT INTO `sys_request_log` VALUES (84, '/toolsLog/save', '绑定标签', '{\"remark\":\"\",\"type\":\"归还\",\"userId\":\"14\",\"toolsId\":\"1\"}', NULL, '10046', '2021-10-15 11:55:44', 1, NULL, NULL);
INSERT INTO `sys_request_log` VALUES (85, '/toolsLog/save', '绑定标签', '{\"remark\":\"\",\"type\":\"借出\",\"userId\":\"14\",\"toolsId\":\"2\"}', NULL, '10427', '2021-10-18 19:27:36', 1, NULL, NULL);
INSERT INTO `sys_request_log` VALUES (86, '/toolsLog/save', '绑定标签', '{\"remark\":\"\",\"type\":\"借出\",\"userId\":\"14\",\"toolsId\":\"1\"}', NULL, '10339', '2021-10-18 19:27:36', 1, NULL, NULL);
INSERT INTO `sys_request_log` VALUES (87, '/toolsLog/save', '绑定标签', '{\"remark\":\"\",\"type\":\"借出\",\"userId\":\"14\",\"toolsId\":\"2\"}', NULL, '10074', '2021-10-18 19:30:02', 1, NULL, NULL);
INSERT INTO `sys_request_log` VALUES (88, '/toolsLog/save', '绑定标签', '{\"remark\":\"\",\"type\":\"借出\",\"userId\":\"14\",\"toolsId\":\"2\"}', NULL, '10448', '2021-10-18 19:36:13', 1, NULL, NULL);
INSERT INTO `sys_request_log` VALUES (89, '/toolsLog/save', '绑定标签', '{\"remark\":\"\",\"type\":\"归还\",\"userId\":\"14\",\"toolsId\":\"1\"}', NULL, '10049', '2021-10-18 19:36:59', 1, NULL, NULL);
INSERT INTO `sys_request_log` VALUES (90, '/toolsLog/save', '绑定标签', '{\"remark\":\"\",\"type\":\"借出\",\"userId\":\"14\",\"toolsId\":\"2\"}', NULL, '10091', '2021-10-18 19:42:50', 1, NULL, NULL);
INSERT INTO `sys_request_log` VALUES (91, '/toolsLog/save', '绑定标签', '{\"remark\":\"\",\"type\":\"借出\",\"userId\":\"14\",\"toolsId\":\"3\"}', NULL, '10085', '2021-10-18 19:42:50', 1, NULL, NULL);
INSERT INTO `sys_request_log` VALUES (92, '/toolsLog/save', '绑定标签', '{\"remark\":\"\",\"type\":\"归还\",\"userId\":\"14\",\"toolsId\":\"3\"}', NULL, '10137', '2021-10-18 19:42:53', 1, NULL, NULL);
INSERT INTO `sys_request_log` VALUES (93, '/toolsLog/save', '绑定标签', '{\"remark\":\"\",\"type\":\"归还\",\"userId\":\"14\",\"toolsId\":\"1\"}', NULL, '10307', '2021-10-18 19:52:15', 1, NULL, NULL);
INSERT INTO `sys_request_log` VALUES (94, '/toolsLog/save', '绑定标签', '{\"remark\":\"\",\"type\":\"归还\",\"userId\":\"14\",\"toolsId\":\"2\"}', NULL, '10476', '2021-10-18 19:52:15', 1, NULL, NULL);
INSERT INTO `sys_request_log` VALUES (95, '/toolsLog/save', '绑定标签', '{\"remark\":\"\",\"type\":\"借出\",\"userId\":\"14\",\"toolsId\":\"3\"}', NULL, '10121', '2021-10-18 19:52:24', 1, NULL, NULL);
INSERT INTO `sys_request_log` VALUES (96, '/toolsLog/save', '绑定标签', '{\"remark\":\"\",\"type\":\"归还\",\"userId\":\"14\",\"toolsId\":\"2\"}', '{\"Data\":null,\"Code\":200,\"Message\":\"\"}', '1256', '2021-10-18 20:01:36', 1, NULL, NULL);
INSERT INTO `sys_request_log` VALUES (97, '/toolsLog/save', '绑定标签', '{\"remark\":\"\",\"type\":\"借出\",\"userId\":\"14\",\"toolsId\":\"3\"}', '{\"Data\":null,\"Code\":200,\"Message\":\"\"}', '271', '2021-10-18 20:05:46', 1, NULL, NULL);
INSERT INTO `sys_request_log` VALUES (98, '/toolsLog/save', '绑定标签', '{\"remark\":\"\",\"type\":\"归还\",\"userId\":\"14\",\"toolsId\":\"2\"}', '{\"Data\":null,\"Code\":200,\"Message\":\"\"}', '266', '2021-10-18 20:05:46', 1, NULL, NULL);
INSERT INTO `sys_request_log` VALUES (99, '/toolsLog/save', '绑定标签', '{\"remark\":\"\",\"type\":\"归还\",\"userId\":\"14\",\"toolsId\":\"2\"}', '{\"Data\":null,\"Code\":200,\"Message\":\"\"}', '151', '2021-10-18 20:05:46', 1, NULL, NULL);
INSERT INTO `sys_request_log` VALUES (100, '/toolsLog/save', '绑定标签', '{\"remark\":\"\",\"type\":\"归还\",\"userId\":\"14\",\"toolsId\":\"1\"}', '{\"Data\":null,\"Code\":200,\"Message\":\"\"}', '126', '2021-10-18 20:05:46', 1, NULL, NULL);
INSERT INTO `sys_request_log` VALUES (101, '/toolsLog/save', '绑定标签', '{\"remark\":\"\",\"type\":\"借出\",\"userId\":\"14\",\"toolsId\":\"3\"}', '{\"Data\":null,\"Code\":200,\"Message\":\"\"}', '277', '2021-10-18 20:05:46', 1, NULL, NULL);
INSERT INTO `sys_request_log` VALUES (102, '/toolsLog/save', '绑定标签', '{\"remark\":\"\",\"type\":\"归还\",\"userId\":\"14\",\"toolsId\":\"2\"}', '{\"Data\":null,\"Code\":200,\"Message\":\"\"}', '282', '2021-10-18 20:05:46', 1, NULL, NULL);
INSERT INTO `sys_request_log` VALUES (103, '/toolsLog/save', '绑定标签', '{\"remark\":\"\",\"type\":\"归还\",\"userId\":\"14\",\"toolsId\":\"1\"}', '{\"Data\":null,\"Code\":200,\"Message\":\"\"}', '162', '2021-10-18 20:05:46', 1, NULL, NULL);
INSERT INTO `sys_request_log` VALUES (104, '/toolsLog/save', '绑定标签', '{\"remark\":\"\",\"type\":\"归还\",\"userId\":\"14\",\"toolsId\":\"2\"}', '{\"Data\":null,\"Code\":200,\"Message\":\"\"}', '1377', '2021-10-18 20:08:07', 1, NULL, NULL);
INSERT INTO `sys_request_log` VALUES (105, '/toolsLog/save', '绑定标签', '{\"remark\":\"\",\"type\":\"归还\",\"userId\":\"14\",\"toolsId\":\"1\"}', '{\"Data\":null,\"Code\":200,\"Message\":\"\"}', '1008', '2021-10-18 20:08:07', 1, NULL, NULL);
INSERT INTO `sys_request_log` VALUES (106, '/toolsLog/save', '绑定标签', '{\"remark\":\"\",\"type\":\"借出\",\"userId\":\"14\",\"toolsId\":\"3\"}', '{\"Data\":null,\"Code\":200,\"Message\":\"\"}', '12', '2021-10-18 20:08:15', 1, NULL, NULL);
INSERT INTO `sys_request_log` VALUES (107, '/toolsLog/save', '绑定标签', '{\"remark\":\"\",\"type\":\"归还\",\"userId\":\"14\",\"toolsId\":\"2\"}', '{\"Data\":null,\"Code\":200,\"Message\":\"\"}', '12', '2021-10-18 20:09:08', 1, NULL, NULL);
INSERT INTO `sys_request_log` VALUES (108, '/toolsLog/save', '绑定标签', '{\"remark\":\"\",\"type\":\"借出\",\"userId\":\"14\",\"toolsId\":\"3\"}', '{\"Data\":null,\"Code\":200,\"Message\":\"\"}', '14', '2021-10-18 20:09:18', 1, NULL, NULL);
INSERT INTO `sys_request_log` VALUES (109, '/toolsLog/save', '绑定标签', '{\"remark\":\"\",\"type\":\"归还\",\"userId\":\"14\",\"toolsId\":\"3\"}', NULL, '1104', '2021-10-18 20:16:03', 1, NULL, NULL);
INSERT INTO `sys_request_log` VALUES (110, '/toolsLog/save', '绑定标签', '{\"remark\":\"\",\"type\":\"借出\",\"userId\":\"14\",\"toolsId\":\"1\"}', NULL, '1057', '2021-10-18 20:16:21', 1, NULL, NULL);
INSERT INTO `sys_request_log` VALUES (111, '/toolsLog/save', '绑定标签', '{\"remark\":\"\",\"type\":\"借出\",\"userId\":\"14\",\"toolsId\":\"2\"}', NULL, '1056', '2021-10-18 20:16:21', 1, NULL, NULL);
INSERT INTO `sys_request_log` VALUES (112, '/toolsLog/save', '绑定标签', '{\"remark\":\"\",\"type\":\"借出\",\"userId\":\"14\",\"toolsId\":\"2\"}', '{\"Data\":null,\"Code\":200,\"Message\":\"\"}', '1504', '2021-10-18 20:18:50', 1, NULL, NULL);
INSERT INTO `sys_request_log` VALUES (113, '/toolsLog/save', '绑定标签', '{\"remark\":\"\",\"type\":\"借出\",\"userId\":\"14\",\"toolsId\":\"2\"}', NULL, '1204', '2021-10-20 09:16:58', 1, NULL, NULL);
INSERT INTO `sys_request_log` VALUES (114, '/toolsLog/save', '绑定标签', '{\"remark\":\"\",\"type\":\"归还\",\"userId\":\"14\",\"toolsId\":\"2\"}', NULL, '1083', '2021-10-20 09:23:24', 1, NULL, NULL);
INSERT INTO `sys_request_log` VALUES (115, '/toolsLog/save', '绑定标签', '{\"remark\":\"\",\"type\":\"归还\",\"userId\":\"14\",\"toolsId\":\"1\"}', NULL, '1044', '2021-10-20 09:23:25', 1, NULL, NULL);
INSERT INTO `sys_request_log` VALUES (116, '/toolsLog/save', '绑定标签', '{\"remark\":\"\",\"type\":\"归还\",\"userId\":\"-1\",\"toolsId\":\"1\"}', NULL, '1040', '2021-10-20 09:24:16', 1, NULL, NULL);
INSERT INTO `sys_request_log` VALUES (117, '/toolsLog/save', '绑定标签', '{\"remark\":\"\",\"type\":\"归还\",\"userId\":\"14\",\"toolsId\":\"1\"}', NULL, '1150', '2021-10-20 09:51:28', 1, NULL, NULL);
INSERT INTO `sys_request_log` VALUES (118, '/toolsLog/save', '绑定标签', '{\"remark\":\"\",\"type\":\"归还\",\"userId\":\"14\",\"toolsId\":\"1\"}', NULL, '1053', '2021-10-20 09:52:28', 1, NULL, NULL);
INSERT INTO `sys_request_log` VALUES (119, '/toolsLog/save', '绑定标签', '{\"remark\":\"\",\"type\":\"归还\",\"userId\":\"14\",\"toolsId\":\"2\"}', NULL, '1087', '2021-10-20 09:52:28', 1, NULL, NULL);
INSERT INTO `sys_request_log` VALUES (120, '/toolsLog/save', '绑定标签', '{\"remark\":\"\",\"type\":\"归还\",\"userId\":\"-1\",\"toolsId\":\"2\"}', NULL, '1051', '2021-10-20 09:55:37', 1, NULL, NULL);
INSERT INTO `sys_request_log` VALUES (121, '/toolsLog/save', '绑定标签', '{\"remark\":\"\",\"type\":\"归还\",\"userId\":\"-1\",\"toolsId\":\"1\"}', NULL, '1048', '2021-10-20 09:55:38', 1, NULL, NULL);
INSERT INTO `sys_request_log` VALUES (122, '/toolsLog/save', '绑定标签', '{\"remark\":\"\",\"type\":\"借出\",\"userId\":\"14\",\"toolsId\":\"2\"}', '{\"remark\":\"\",\"type\":\"借出\",\"userId\":\"14\",\"toolsId\":\"2\"}', '229', '2021-10-20 10:05:13', 1, NULL, NULL);
INSERT INTO `sys_request_log` VALUES (123, '/toolsLog/save', '绑定标签', '{\"remark\":\"\",\"type\":\"借出\",\"userId\":\"14\",\"toolsId\":\"2\"}', '{\"remark\":\"\",\"type\":\"借出\",\"userId\":\"14\",\"toolsId\":\"2\"}', '108', '2021-10-20 10:08:31', 1, NULL, NULL);
INSERT INTO `sys_request_log` VALUES (124, '/toolsLog/save', '绑定标签', '{\"remark\":\"\",\"type\":\"归还\",\"userId\":\"14\",\"toolsId\":\"2\"}', '{\"remark\":\"\",\"type\":\"归还\",\"userId\":\"14\",\"toolsId\":\"2\"}', '166', '2021-10-20 10:30:52', 1, NULL, NULL);
INSERT INTO `sys_request_log` VALUES (125, '/toolsLog/save', '绑定标签', '{\"remark\":\"\",\"type\":\"借出\",\"userId\":\"14\",\"toolsId\":\"2\"}', '{\"remark\":\"\",\"type\":\"借出\",\"userId\":\"14\",\"toolsId\":\"2\"}', '15', '2021-10-20 10:32:27', 1, NULL, NULL);
INSERT INTO `sys_request_log` VALUES (126, '/toolsLog/save', '绑定标签', '{\"remark\":\"\",\"type\":\"借出\",\"userId\":\"14\",\"toolsId\":\"2\"}', '{\"remark\":\"\",\"type\":\"借出\",\"userId\":\"14\",\"toolsId\":\"2\"}', '13', '2021-10-20 10:32:45', 1, NULL, NULL);
INSERT INTO `sys_request_log` VALUES (127, '/toolsLog/save', '绑定标签', '{\"remark\":\"\",\"type\":\"归还\",\"userId\":\"14\",\"toolsId\":\"2\"}', '{\"remark\":\"\",\"type\":\"归还\",\"userId\":\"14\",\"toolsId\":\"2\"}', '25', '2021-10-20 10:33:16', 1, NULL, NULL);
INSERT INTO `sys_request_log` VALUES (128, '/toolsLog/save', '绑定标签', '{\"remark\":\"\",\"type\":\"借出\",\"userId\":\"14\",\"toolsId\":\"2\"}', '{\"remark\":\"\",\"type\":\"借出\",\"userId\":\"14\",\"toolsId\":\"2\"}', '28', '2021-10-20 10:34:54', 1, NULL, NULL);
INSERT INTO `sys_request_log` VALUES (129, '/toolsLog/save', '绑定标签', '{\"remark\":\"\",\"type\":\"归还\",\"userId\":\"14\",\"toolsId\":\"2\"}', NULL, '10066', '2021-10-20 10:36:01', 1, NULL, NULL);
INSERT INTO `sys_request_log` VALUES (130, '/toolsLog/save', '绑定标签', '{\"remark\":\"\",\"type\":\"归还\",\"userId\":\"-1\",\"toolsId\":\"2\"}', '{\"ApiName\":\"GetBind2\",\"Code\":0,\"Message\":\"success\"}', '2205', '2021-10-20 10:46:20', 1, NULL, NULL);
INSERT INTO `sys_request_log` VALUES (131, '/toolsLog/save', '绑定标签', '{\"remark\":\"\",\"type\":\"归还\",\"userId\":\"14\",\"toolsId\":\"2\"}', '{\"ApiName\":\"GetBind2\",\"Code\":0,\"Message\":\"success\"}', '12', '2021-10-20 10:48:17', 1, NULL, NULL);
INSERT INTO `sys_request_log` VALUES (132, '/toolsLog/save', '绑定标签', '{\"remark\":\"\",\"type\":\"归还\",\"userId\":\"14\",\"toolsId\":\"2\"}', '{\"ApiName\":\"GetBind2\",\"Code\":0,\"Message\":\"success\"}', '15', '2021-10-20 10:49:57', 1, NULL, NULL);
INSERT INTO `sys_request_log` VALUES (133, '/toolsLog/save', '绑定标签', '{\"remark\":\"\",\"type\":\"归还\",\"userId\":\"14\",\"toolsId\":\"2\"}', '{\"ApiName\":\"GetBind2\",\"Code\":0,\"Message\":\"success\"}', '368', '2021-10-20 10:52:53', 1, NULL, NULL);
INSERT INTO `sys_request_log` VALUES (134, '/toolsLog/save', '绑定标签', '{\"remark\":\"\",\"type\":\"借出\",\"userId\":\"14\",\"toolsId\":\"2\"}', '{\"ApiName\":\"GetBind2\",\"Code\":0,\"Message\":\"success\"}', '21', '2021-10-20 10:53:21', 1, NULL, NULL);
INSERT INTO `sys_request_log` VALUES (135, '/toolsLog/save', '绑定标签', '{\"remark\":\"\",\"type\":\"归还\",\"userId\":\"14\",\"toolsId\":\"2\"}', '{\"ApiName\":\"GetBind2\",\"Code\":0,\"Message\":\"success\"}', '29', '2021-10-20 10:54:31', 1, NULL, NULL);
INSERT INTO `sys_request_log` VALUES (136, '/toolsLog/save', '绑定标签', '{\"remark\":\"\",\"type\":\"借出\",\"userId\":\"-1\",\"toolsId\":\"2\"}', '{\"ApiName\":\"GetBind2\",\"Code\":0,\"Message\":\"success\"}', '15', '2021-10-20 10:55:28', 1, NULL, NULL);
INSERT INTO `sys_request_log` VALUES (137, '/toolsLog/save', '绑定标签', '{\"remark\":\"\",\"type\":\"归还\",\"userId\":\"14\",\"toolsId\":\"2\"}', NULL, '10048', '2021-10-20 10:57:25', 1, NULL, NULL);
INSERT INTO `sys_request_log` VALUES (138, '/toolsLog/save', '绑定标签', '{\"remark\":\"\",\"type\":\"借出\",\"userId\":\"14\",\"toolsId\":\"1\"}', NULL, '10084', '2021-10-20 11:05:02', 1, NULL, NULL);
INSERT INTO `sys_request_log` VALUES (139, '/toolsLog/save', '绑定标签', '{\"remark\":\"\",\"type\":\"归还\",\"userId\":\"14\",\"toolsId\":\"1\"}', NULL, '10080', '2021-10-20 11:07:21', 1, NULL, NULL);
INSERT INTO `sys_request_log` VALUES (140, '/toolsLog/save', '绑定标签', '{\"remark\":\"\",\"type\":\"归还\",\"userId\":\"14\",\"toolsId\":\"1\"}', NULL, '10049', '2021-10-20 11:07:40', 1, NULL, NULL);
INSERT INTO `sys_request_log` VALUES (141, '/toolsLog/save', '绑定标签', '{\"remark\":\"\",\"type\":\"借出\",\"userId\":\"14\",\"toolsId\":\"2\"}', NULL, '10070', '2021-10-20 11:12:25', 1, NULL, NULL);
INSERT INTO `sys_request_log` VALUES (142, '/toolsLog/save', '绑定标签', '{\"remark\":\"\",\"type\":\"归还\",\"userId\":\"14\",\"toolsId\":\"2\"}', NULL, '10057', '2021-10-20 11:12:37', 1, NULL, NULL);
INSERT INTO `sys_request_log` VALUES (143, '/toolsLog/save', '绑定标签', '{\"remark\":\"\",\"type\":\"借出\",\"userId\":\"14\",\"toolsId\":\"2\"}', NULL, '10047', '2021-10-20 11:18:41', 1, NULL, NULL);
INSERT INTO `sys_request_log` VALUES (144, '/toolsLog/save', '绑定标签', '{\"remark\":\"\",\"type\":\"归还\",\"userId\":\"14\",\"toolsId\":\"2\"}', NULL, '10049', '2021-10-20 11:20:42', 1, NULL, NULL);
INSERT INTO `sys_request_log` VALUES (145, '/toolsLog/save', '绑定标签', '{\"remark\":\"\",\"type\":\"借出\",\"userId\":\"14\",\"toolsId\":\"2\"}', '{\"ApiName\":\"GetBind2\",\"Code\":0,\"Message\":\"success\"}', '287', '2021-10-20 11:26:52', 1, NULL, NULL);
INSERT INTO `sys_request_log` VALUES (146, '/toolsLog/save', '绑定标签', '{\"remark\":\"\",\"type\":\"归还\",\"userId\":\"14\",\"toolsId\":\"2\"}', '{\"ApiName\":\"GetBind2\",\"Code\":0,\"Message\":\"success\"}', '12', '2021-10-20 11:27:07', 1, NULL, NULL);
INSERT INTO `sys_request_log` VALUES (147, '/toolsLog/save', '绑定标签', '{\"remark\":\"\",\"type\":\"归还\",\"userId\":\"14\",\"toolsId\":\"2\"}', '{\"ApiName\":\"GetBind2\",\"Code\":0,\"Message\":\"success\"}', '9', '2021-10-20 11:27:12', 1, NULL, NULL);
INSERT INTO `sys_request_log` VALUES (148, '/toolsLog/save', '绑定标签', '{\"remark\":\"\",\"type\":\"借出\",\"userId\":\"14\",\"toolsId\":\"2\"}', '{\"ApiName\":\"GetBind2\",\"Code\":0,\"Message\":\"success\"}', '9', '2021-10-20 11:28:10', 1, NULL, NULL);
INSERT INTO `sys_request_log` VALUES (149, '/toolsLog/save', '绑定标签', '{\"remark\":\"\",\"type\":\"归还\",\"userId\":\"14\",\"toolsId\":\"2\"}', '{\"ApiName\":\"GetBind2\",\"Code\":0,\"Message\":\"success\"}', '14', '2021-10-20 11:28:35', 1, NULL, NULL);
INSERT INTO `sys_request_log` VALUES (150, '/toolsLog/save', '绑定标签', '{\"remark\":\"\",\"type\":\"归还\",\"userId\":\"14\",\"toolsId\":\"2\"}', '{\"ApiName\":\"GetBind2\",\"Code\":0,\"Message\":\"success\"}', '6', '2021-10-20 11:28:39', 1, NULL, NULL);
INSERT INTO `sys_request_log` VALUES (151, '/toolsLog/save', '绑定标签', '{\"remark\":\"\",\"type\":\"借出\",\"userId\":\"14\",\"toolsId\":\"2\"}', '{\"ApiName\":\"GetBind2\",\"Code\":0,\"Message\":\"success\"}', '7', '2021-10-20 11:29:22', 1, NULL, NULL);
INSERT INTO `sys_request_log` VALUES (152, '/toolsLog/save', '绑定标签', '{\"remark\":\"\",\"type\":\"归还\",\"userId\":\"14\",\"toolsId\":\"2\"}', '{\"ApiName\":\"GetBind2\",\"Code\":0,\"Message\":\"success\"}', '12', '2021-10-20 11:29:46', 1, NULL, NULL);
INSERT INTO `sys_request_log` VALUES (153, '/toolsLog/save', '绑定标签', '{\"remark\":\"\",\"type\":\"归还\",\"userId\":\"14\",\"toolsId\":\"2\"}', '{\"ApiName\":\"GetBind2\",\"Code\":0,\"Message\":\"success\"}', '8', '2021-10-20 11:29:51', 1, NULL, NULL);
INSERT INTO `sys_request_log` VALUES (154, '/toolsLog/save', '绑定标签', '{\"remark\":\"\",\"type\":\"借出\",\"userId\":\"14\",\"toolsId\":\"2\"}', '{\"ApiName\":\"GetBind2\",\"Code\":0,\"Message\":\"success\"}', '7', '2021-10-20 11:30:22', 1, NULL, NULL);
INSERT INTO `sys_request_log` VALUES (155, '/toolsLog/save', '绑定标签', '{\"remark\":\"\",\"type\":\"归还\",\"userId\":\"14\",\"toolsId\":\"2\"}', '{\"ApiName\":\"GetBind2\",\"Code\":0,\"Message\":\"success\"}', '30', '2021-10-20 11:31:05', 1, NULL, NULL);
INSERT INTO `sys_request_log` VALUES (156, '/toolsLog/save', '绑定标签', '{\"remark\":\"\",\"type\":\"借出\",\"userId\":\"14\",\"toolsId\":\"2\"}', '{\"ApiName\":\"GetBind2\",\"Code\":0,\"Message\":\"success\"}', '250', '2021-10-20 11:32:19', 1, NULL, NULL);
INSERT INTO `sys_request_log` VALUES (157, '/toolsLog/save', '绑定标签', '{\"remark\":\"\",\"type\":\"归还\",\"userId\":\"14\",\"toolsId\":\"2\"}', '{\"ApiName\":\"GetBind2\",\"Code\":0,\"Message\":\"success\"}', '5', '2021-10-20 11:32:36', 1, NULL, NULL);
INSERT INTO `sys_request_log` VALUES (158, '/toolsLog/save', '绑定标签', '{\"remark\":\"\",\"type\":\"借出\",\"userId\":\"14\",\"toolsId\":\"2\"}', '{\"ApiName\":\"GetBind2\",\"Code\":0,\"Message\":\"success\"}', '14', '2021-10-20 11:33:16', 1, NULL, NULL);
INSERT INTO `sys_request_log` VALUES (159, '/toolsLog/save', '绑定标签', '{\"remark\":\"\",\"type\":\"归还\",\"userId\":\"14\",\"toolsId\":\"2\"}', '{\"ApiName\":\"GetBind2\",\"Code\":0,\"Message\":\"success\"}', '9', '2021-10-20 11:33:36', 1, NULL, NULL);
INSERT INTO `sys_request_log` VALUES (160, '/toolsLog/save', '绑定标签', '{\"remark\":\"\",\"type\":\"归还\",\"userId\":\"14\",\"toolsId\":\"2\"}', '{\"ApiName\":\"GetBind2\",\"Code\":0,\"Message\":\"success\"}', '5', '2021-10-20 11:33:43', 1, NULL, NULL);
INSERT INTO `sys_request_log` VALUES (161, '/toolsLog/save', '绑定标签', '{\"remark\":\"\",\"type\":\"借出\",\"userId\":\"14\",\"toolsId\":\"2\"}', '{\"ApiName\":\"GetBind2\",\"Code\":0,\"Message\":\"success\"}', '33', '2021-10-20 11:34:13', 1, NULL, NULL);
INSERT INTO `sys_request_log` VALUES (162, '/toolsLog/save', '绑定标签', '{\"remark\":\"\",\"type\":\"借出\",\"userId\":\"14\",\"toolsId\":\"2\"}', '{\"ApiName\":\"GetBind2\",\"Code\":0,\"Message\":\"success\"}', '5', '2021-10-20 11:34:26', 1, NULL, NULL);
INSERT INTO `sys_request_log` VALUES (163, '/toolsLog/save', '绑定标签', '{\"remark\":\"\",\"type\":\"归还\",\"userId\":\"14\",\"toolsId\":\"2\"}', '{\"ApiName\":\"GetBind2\",\"Code\":0,\"Message\":\"success\"}', '11', '2021-10-20 11:37:05', 1, NULL, NULL);
INSERT INTO `sys_request_log` VALUES (164, '/toolsLog/save', '绑定标签', '{\"remark\":\"\",\"type\":\"借出\",\"userId\":\"14\",\"toolsId\":\"1\"}', '{\"ApiName\":\"GetBind2\",\"Code\":0,\"Message\":\"success\"}', '32', '2021-10-20 11:40:55', 1, NULL, NULL);
INSERT INTO `sys_request_log` VALUES (165, '/toolsLog/save', '绑定标签', '{\"remark\":\"\",\"type\":\"借出\",\"userId\":\"14\",\"toolsId\":\"1\"}', '{\"ApiName\":\"GetBind2\",\"Code\":0,\"Message\":\"success\"}', '13', '2021-10-20 11:41:19', 1, NULL, NULL);
INSERT INTO `sys_request_log` VALUES (166, '/toolsLog/save', '绑定标签', '{\"remark\":\"\",\"type\":\"归还\",\"userId\":\"14\",\"toolsId\":\"1\"}', '{\"ApiName\":\"GetBind2\",\"Code\":0,\"Message\":\"success\"}', '4', '2021-10-20 11:41:24', 1, NULL, NULL);
INSERT INTO `sys_request_log` VALUES (167, '/toolsLog/save', '绑定标签', '{\"remark\":\"\",\"type\":\"借出\",\"userId\":\"14\",\"toolsId\":\"3\"}', '{\"ApiName\":\"GetBind2\",\"Code\":0,\"Message\":\"success\"}', '7', '2021-10-20 11:42:07', 1, NULL, NULL);
INSERT INTO `sys_request_log` VALUES (168, '/toolsLog/save', '绑定标签', '{\"remark\":\"\",\"type\":\"归还\",\"userId\":\"14\",\"toolsId\":\"3\"}', '{\"ApiName\":\"GetBind2\",\"Code\":0,\"Message\":\"success\"}', '7', '2021-10-20 11:42:32', 1, NULL, NULL);
INSERT INTO `sys_request_log` VALUES (169, '/toolsLog/save', '绑定标签', '{\"remark\":\"\",\"type\":\"归还\",\"userId\":\"14\",\"toolsId\":\"3\"}', '{\"ApiName\":\"GetBind2\",\"Code\":0,\"Message\":\"success\"}', '9', '2021-10-20 11:42:37', 1, NULL, NULL);
INSERT INTO `sys_request_log` VALUES (170, '/toolsLog/save', '绑定标签', '{\"remark\":\"\",\"type\":\"借出\",\"userId\":\"14\",\"toolsId\":\"2\"}', '{\"Data\":\"GetBind\",\"Code\":200,\"Message\":\"\"}', '243', '2021-10-20 11:52:59', 1, NULL, NULL);
INSERT INTO `sys_request_log` VALUES (171, '/toolsLog/save', '绑定标签', '{\"remark\":\"\",\"type\":\"借出\",\"userId\":\"14\",\"toolsId\":\"1\"}', '{\"Data\":\"GetBind\",\"Code\":200,\"Message\":\"\"}', '4', '2021-10-20 11:53:26', 1, NULL, NULL);
INSERT INTO `sys_request_log` VALUES (172, '/toolsLog/save', '绑定标签', '{\"remark\":\"\",\"type\":\"借出\",\"userId\":\"14\",\"toolsId\":\"2\"}', '{\"Data\":\"GetBind\",\"Code\":200,\"Message\":\"\"}', '5', '2021-10-20 11:53:26', 1, NULL, NULL);
INSERT INTO `sys_request_log` VALUES (173, '/toolsLog/save', '绑定标签', '{\"remark\":\"\",\"type\":\"借出\",\"userId\":\"14\",\"toolsId\":\"1\"}', '{\"Data\":\"GetBind\",\"Code\":200,\"Message\":\"\"}', '4', '2021-10-20 11:54:08', 1, NULL, NULL);
INSERT INTO `sys_request_log` VALUES (174, '/toolsLog/save', '绑定标签', '{\"remark\":\"\",\"type\":\"借出\",\"userId\":\"14\",\"toolsId\":\"2\"}', '{\"Data\":\"GetBind\",\"Code\":200,\"Message\":\"\"}', '6', '2021-10-20 11:54:08', 1, NULL, NULL);
INSERT INTO `sys_request_log` VALUES (175, '/toolsLog/save', '绑定标签', '{\"remark\":\"\",\"type\":\"归还\",\"userId\":\"14\",\"toolsId\":\"1\"}', '{\"Data\":\"GetBind\",\"Code\":200,\"Message\":\"\"}', '10', '2021-10-20 11:54:46', 1, NULL, NULL);
INSERT INTO `sys_request_log` VALUES (176, '/toolsLog/save', '绑定标签', '{\"remark\":\"\",\"type\":\"归还\",\"userId\":\"14\",\"toolsId\":\"2\"}', '{\"Data\":\"GetBind\",\"Code\":200,\"Message\":\"\"}', '14', '2021-10-20 11:54:46', 1, NULL, NULL);
INSERT INTO `sys_request_log` VALUES (177, '/toolsLog/save', '绑定标签', '{\"remark\":\"\",\"type\":\"借出\",\"userId\":\"14\",\"toolsId\":\"1\"}', '{\"Data\":\"GetBind\",\"Code\":200,\"Message\":\"\"}', '8', '2021-10-20 11:55:26', 1, NULL, NULL);
INSERT INTO `sys_request_log` VALUES (178, '/toolsLog/save', '绑定标签', '{\"remark\":\"\",\"type\":\"借出\",\"userId\":\"14\",\"toolsId\":\"3\"}', '{\"Data\":\"GetBind\",\"Code\":200,\"Message\":\"\"}', '6', '2021-10-20 11:55:26', 1, NULL, NULL);
INSERT INTO `sys_request_log` VALUES (179, '/toolsLog/save', '绑定标签', '{\"remark\":\"\",\"type\":\"借出\",\"userId\":\"14\",\"toolsId\":\"1\"}', '{\"Data\":\"GetBind\",\"Code\":200,\"Message\":\"\"}', '6', '2021-10-20 11:55:56', 1, NULL, NULL);
INSERT INTO `sys_request_log` VALUES (180, '/toolsLog/save', '绑定标签', '{\"remark\":\"\",\"type\":\"借出\",\"userId\":\"14\",\"toolsId\":\"3\"}', '{\"Data\":\"GetBind\",\"Code\":200,\"Message\":\"\"}', '7', '2021-10-20 11:55:56', 1, NULL, NULL);
INSERT INTO `sys_request_log` VALUES (181, '/toolsLog/save', '绑定标签', '{\"remark\":\"\",\"type\":\"归还\",\"userId\":\"14\",\"toolsId\":\"1\"}', '{\"Data\":\"GetBind\",\"Code\":200,\"Message\":\"\"}', '501', '2021-10-20 13:31:15', 1, NULL, NULL);
INSERT INTO `sys_request_log` VALUES (182, '/toolsLog/save', '绑定标签', '{\"remark\":\"\",\"type\":\"归还\",\"userId\":\"14\",\"toolsId\":\"3\"}', '{\"Data\":\"GetBind\",\"Code\":200,\"Message\":\"\"}', '502', '2021-10-20 13:31:15', 1, NULL, NULL);
INSERT INTO `sys_request_log` VALUES (183, '/toolsLog/save', '绑定标签', '{\"remark\":\"\",\"type\":\"借出\",\"userId\":\"14\",\"toolsId\":\"1\"}', '{\"Data\":\"GetBind\",\"Code\":200,\"Message\":\"\"}', '34', '2021-10-20 13:32:33', 1, NULL, NULL);
INSERT INTO `sys_request_log` VALUES (184, '/toolsLog/save', '绑定标签', '{\"remark\":\"\",\"type\":\"借出\",\"userId\":\"14\",\"toolsId\":\"1\"}', '{\"Data\":\"GetBind\",\"Code\":200,\"Message\":\"\"}', '4', '2021-10-20 13:32:45', 1, NULL, NULL);
INSERT INTO `sys_request_log` VALUES (185, '/toolsLog/save', '绑定标签', '{\"remark\":\"\",\"type\":\"归还\",\"userId\":\"14\",\"toolsId\":\"1\"}', '{\"Data\":\"GetBind\",\"Code\":200,\"Message\":\"\"}', '6', '2021-10-20 13:32:57', 1, NULL, NULL);
INSERT INTO `sys_request_log` VALUES (186, '/toolsLog/save', '绑定标签', '{\"remark\":\"\",\"type\":\"借出\",\"userId\":\"14\",\"toolsId\":\"1\"}', '{\"Data\":\"GetBind\",\"Code\":200,\"Message\":\"\"}', '10', '2021-10-20 13:33:33', 1, NULL, NULL);
INSERT INTO `sys_request_log` VALUES (187, '/toolsLog/save', '绑定标签', '{\"remark\":\"\",\"type\":\"借出\",\"userId\":\"14\",\"toolsId\":\"3\"}', '{\"Data\":\"GetBind\",\"Code\":200,\"Message\":\"\"}', '11', '2021-10-20 13:33:33', 1, NULL, NULL);
INSERT INTO `sys_request_log` VALUES (188, '/toolsLog/save', '绑定标签', '{\"remark\":\"\",\"type\":\"借出\",\"userId\":\"14\",\"toolsId\":\"1\"}', '{\"Data\":\"GetBind\",\"Code\":200,\"Message\":\"\"}', '6', '2021-10-20 13:33:55', 1, NULL, NULL);
INSERT INTO `sys_request_log` VALUES (189, '/toolsLog/save', '绑定标签', '{\"remark\":\"\",\"type\":\"借出\",\"userId\":\"14\",\"toolsId\":\"3\"}', '{\"Data\":\"GetBind\",\"Code\":200,\"Message\":\"\"}', '25', '2021-10-20 13:33:55', 1, NULL, NULL);
INSERT INTO `sys_request_log` VALUES (190, '/toolsLog/save', '绑定标签', '{\"remark\":\"\",\"type\":\"归还\",\"userId\":\"14\",\"toolsId\":\"3\"}', NULL, '10045', '2021-10-20 13:36:45', 1, NULL, NULL);
INSERT INTO `sys_request_log` VALUES (191, '/toolsLog/save', '绑定标签', '{\"remark\":\"\",\"type\":\"归还\",\"userId\":\"14\",\"toolsId\":\"1\"}', NULL, '10050', '2021-10-20 13:36:46', 1, NULL, NULL);
INSERT INTO `sys_request_log` VALUES (192, '/toolsLog/save', '绑定标签', '{\"remark\":\"\",\"type\":\"借出\",\"userId\":\"14\",\"toolsId\":\"1\"}', '{\"Data\":\"GetBind\",\"Code\":200,\"Message\":\"\"}', '250', '2021-10-20 13:44:51', 1, NULL, NULL);
INSERT INTO `sys_request_log` VALUES (193, '/toolsLog/save', '绑定标签', '{\"remark\":\"\",\"type\":\"借出\",\"userId\":\"14\",\"toolsId\":\"3\"}', '{\"Data\":\"GetBind\",\"Code\":200,\"Message\":\"\"}', '138', '2021-10-20 13:44:51', 1, NULL, NULL);
INSERT INTO `sys_request_log` VALUES (194, '/toolsLog/save', '绑定标签', '{\"remark\":\"\",\"type\":\"归还\",\"userId\":\"14\",\"toolsId\":\"1\"}', '{\"Data\":\"GetBind\",\"Code\":200,\"Message\":\"\"}', '5', '2021-10-20 13:45:07', 1, NULL, NULL);
INSERT INTO `sys_request_log` VALUES (195, '/toolsLog/save', '绑定标签', '{\"remark\":\"\",\"type\":\"归还\",\"userId\":\"14\",\"toolsId\":\"3\"}', '{\"Data\":\"GetBind\",\"Code\":200,\"Message\":\"\"}', '7', '2021-10-20 13:45:08', 1, NULL, NULL);
INSERT INTO `sys_request_log` VALUES (196, '/toolsLog/save', '绑定标签', '{\"remark\":\"\",\"type\":\"归还\",\"userId\":\"14\",\"toolsId\":\"3\"}', '{\"Data\":\"GetBind\",\"Code\":200,\"Message\":\"\"}', '7', '2021-10-20 13:45:11', 1, NULL, NULL);
INSERT INTO `sys_request_log` VALUES (197, '/toolsLog/save', '绑定标签', '{\"remark\":\"\",\"type\":\"归还\",\"userId\":\"14\",\"toolsId\":\"1\"}', '{\"Data\":\"GetBind\",\"Code\":200,\"Message\":\"\"}', '8', '2021-10-20 13:45:11', 1, NULL, NULL);
INSERT INTO `sys_request_log` VALUES (198, '/toolsLog/save', '绑定标签', '{\"remark\":\"\",\"type\":\"借出\",\"userId\":\"14\",\"toolsId\":\"1\"}', '{\"Data\":\"GetBind\",\"Code\":200,\"Message\":\"\"}', '12', '2021-10-20 13:45:48', 1, NULL, NULL);
INSERT INTO `sys_request_log` VALUES (199, '/toolsLog/save', '绑定标签', '{\"remark\":\"\",\"type\":\"借出\",\"userId\":\"14\",\"toolsId\":\"2\"}', '{\"Data\":\"GetBind\",\"Code\":200,\"Message\":\"\"}', '5', '2021-10-20 13:45:48', 1, NULL, NULL);
INSERT INTO `sys_request_log` VALUES (200, '/toolsLog/save', '绑定标签', '{\"remark\":\"\",\"type\":\"借出\",\"userId\":\"14\",\"toolsId\":\"3\"}', '{\"Data\":\"GetBind\",\"Code\":200,\"Message\":\"\"}', '6', '2021-10-20 13:45:48', 1, NULL, NULL);
INSERT INTO `sys_request_log` VALUES (201, '/toolsLog/save', '绑定标签', '{\"remark\":\"\",\"type\":\"借出\",\"userId\":\"14\",\"toolsId\":\"1\"}', '{\"Data\":\"GetBind\",\"Code\":200,\"Message\":\"\"}', '6', '2021-10-20 13:46:11', 1, NULL, NULL);
INSERT INTO `sys_request_log` VALUES (202, '/toolsLog/save', '绑定标签', '{\"remark\":\"\",\"type\":\"借出\",\"userId\":\"14\",\"toolsId\":\"2\"}', '{\"Data\":\"GetBind\",\"Code\":200,\"Message\":\"\"}', '4', '2021-10-20 13:46:11', 1, NULL, NULL);
INSERT INTO `sys_request_log` VALUES (203, '/toolsLog/save', '绑定标签', '{\"remark\":\"\",\"type\":\"借出\",\"userId\":\"14\",\"toolsId\":\"3\"}', '{\"Data\":\"GetBind\",\"Code\":200,\"Message\":\"\"}', '8', '2021-10-20 13:46:11', 1, NULL, NULL);
INSERT INTO `sys_request_log` VALUES (204, '/toolsLog/save', '绑定标签', '{\"remark\":\"\",\"type\":\"归还\",\"userId\":\"14\",\"toolsId\":\"3\"}', '{\"Data\":\"GetBind\",\"Code\":200,\"Message\":\"\"}', '5', '2021-10-20 13:47:24', 1, NULL, NULL);
INSERT INTO `sys_request_log` VALUES (205, '/toolsLog/save', '绑定标签', '{\"remark\":\"\",\"type\":\"归还\",\"userId\":\"14\",\"toolsId\":\"1\"}', '{\"Data\":\"GetBind\",\"Code\":200,\"Message\":\"\"}', '8', '2021-10-20 13:47:26', 1, NULL, NULL);
INSERT INTO `sys_request_log` VALUES (206, '/toolsLog/save', '绑定标签', '{\"remark\":\"\",\"type\":\"归还\",\"userId\":\"14\",\"toolsId\":\"2\"}', '{\"Data\":\"GetBind\",\"Code\":200,\"Message\":\"\"}', '6', '2021-10-20 13:47:26', 1, NULL, NULL);
INSERT INTO `sys_request_log` VALUES (207, '/toolsLog/save', '绑定标签', '{\"remark\":\"\",\"type\":\"归还\",\"userId\":\"14\",\"toolsId\":\"3\"}', '{\"Data\":\"GetBind\",\"Code\":200,\"Message\":\"\"}', '11', '2021-10-20 13:47:33', 1, NULL, NULL);
INSERT INTO `sys_request_log` VALUES (208, '/toolsLog/save', '绑定标签', '{\"remark\":\"\",\"type\":\"归还\",\"userId\":\"14\",\"toolsId\":\"2\"}', '{\"Data\":\"GetBind\",\"Code\":200,\"Message\":\"\"}', '21', '2021-10-20 13:47:33', 1, NULL, NULL);
INSERT INTO `sys_request_log` VALUES (209, '/toolsLog/save', '绑定标签', '{\"remark\":\"\",\"type\":\"归还\",\"userId\":\"14\",\"toolsId\":\"1\"}', '{\"Data\":\"GetBind\",\"Code\":200,\"Message\":\"\"}', '9', '2021-10-20 13:47:33', 1, NULL, NULL);
INSERT INTO `sys_request_log` VALUES (210, '/toolsLog/save', '绑定标签', '{\"remark\":\"\",\"type\":\"借出\",\"userId\":\"14\",\"toolsId\":\"2\"}', NULL, '10086', '2021-10-20 13:54:58', 1, NULL, NULL);
INSERT INTO `sys_request_log` VALUES (211, '/toolsLog/save', '绑定标签', '{\"remark\":\"\",\"type\":\"借出\",\"userId\":\"14\",\"toolsId\":\"3\"}', NULL, '10082', '2021-10-20 13:54:58', 1, NULL, NULL);
INSERT INTO `sys_request_log` VALUES (212, '/toolsLog/save', '绑定标签', '{\"remark\":\"\",\"type\":\"归还\",\"userId\":\"14\",\"toolsId\":\"2\"}', NULL, '10048', '2021-10-20 13:58:27', 1, NULL, NULL);
INSERT INTO `sys_request_log` VALUES (213, '/toolsLog/save', '绑定标签', '{\"remark\":\"\",\"type\":\"借出\",\"userId\":\"14\",\"toolsId\":\"3\"}', NULL, '10051', '2021-10-20 13:58:34', 1, NULL, NULL);
INSERT INTO `sys_request_log` VALUES (214, '/toolsLog/save', '绑定标签', '{\"remark\":\"\",\"type\":\"借出\",\"userId\":\"14\",\"toolsId\":\"2\"}', '{\"Data\":null,\"Code\":200,\"Message\":\"\"}', '2341', '2021-10-20 13:59:07', 1, NULL, NULL);
INSERT INTO `sys_request_log` VALUES (215, '/toolsLog/save', '绑定标签', '{\"remark\":\"\",\"type\":\"归还\",\"userId\":\"14\",\"toolsId\":\"3\"}', '{\"Data\":null,\"Code\":200,\"Message\":\"\"}', '12', '2021-10-20 13:59:36', 1, NULL, NULL);
INSERT INTO `sys_request_log` VALUES (216, '/toolsLog/save', '绑定标签', '{\"remark\":\"\",\"type\":\"归还\",\"userId\":\"14\",\"toolsId\":\"2\"}', '{\"Data\":null,\"Code\":200,\"Message\":\"\"}', '16', '2021-10-20 13:59:47', 1, NULL, NULL);
INSERT INTO `sys_request_log` VALUES (217, '/toolsLog/save', '绑定标签', '{\"remark\":\"\",\"type\":\"借出\",\"userId\":\"14\",\"toolsId\":\"1\"}', '{\"Data\":null,\"Code\":200,\"Message\":\"\"}', '13', '2021-10-20 14:00:21', 1, NULL, NULL);
INSERT INTO `sys_request_log` VALUES (218, '/toolsLog/save', '绑定标签', '{\"remark\":\"\",\"type\":\"借出\",\"userId\":\"14\",\"toolsId\":\"2\"}', '{\"Data\":null,\"Code\":200,\"Message\":\"\"}', '6', '2021-10-20 14:00:21', 1, NULL, NULL);
INSERT INTO `sys_request_log` VALUES (219, '/toolsLog/save', '绑定标签', '{\"remark\":\"\",\"type\":\"借出\",\"userId\":\"14\",\"toolsId\":\"3\"}', '{\"Data\":null,\"Code\":200,\"Message\":\"\"}', '8', '2021-10-20 14:00:21', 1, NULL, NULL);
INSERT INTO `sys_request_log` VALUES (220, '/toolsLog/save', '绑定标签', '{\"remark\":\"\",\"type\":\"归还\",\"userId\":\"14\",\"toolsId\":\"3\"}', '{\"Data\":null,\"Code\":200,\"Message\":\"\"}', '17', '2021-10-20 14:01:01', 1, NULL, NULL);
INSERT INTO `sys_request_log` VALUES (221, '/toolsLog/save', '绑定标签', '{\"remark\":\"\",\"type\":\"归还\",\"userId\":\"14\",\"toolsId\":\"1\"}', '{\"Data\":null,\"Code\":200,\"Message\":\"\"}', '11', '2021-10-20 14:01:01', 1, NULL, NULL);
INSERT INTO `sys_request_log` VALUES (222, '/toolsLog/save', '绑定标签', '{\"remark\":\"\",\"type\":\"归还\",\"userId\":\"14\",\"toolsId\":\"2\"}', '{\"Data\":null,\"Code\":200,\"Message\":\"\"}', '5', '2021-10-20 14:01:02', 1, NULL, NULL);
INSERT INTO `sys_request_log` VALUES (223, '/toolsLog/save', '绑定标签', '{\"remark\":\"\",\"type\":\"借出\",\"userId\":\"14\",\"toolsId\":\"1\"}', '{\"Data\":null,\"Code\":200,\"Message\":\"\"}', '646', '2021-10-20 14:07:30', 1, NULL, NULL);
INSERT INTO `sys_request_log` VALUES (224, '/toolsLog/save', '绑定标签', '{\"remark\":\"\",\"type\":\"借出\",\"userId\":\"14\",\"toolsId\":\"2\"}', '{\"Data\":null,\"Code\":200,\"Message\":\"\"}', '593', '2021-10-20 14:07:30', 1, NULL, NULL);
INSERT INTO `sys_request_log` VALUES (225, '/toolsLog/save', '绑定标签', '{\"remark\":\"\",\"type\":\"借出\",\"userId\":\"14\",\"toolsId\":\"3\"}', '{\"Data\":null,\"Code\":200,\"Message\":\"\"}', '538', '2021-10-20 14:07:30', 1, NULL, NULL);
INSERT INTO `sys_request_log` VALUES (226, '/toolsLog/save', '绑定标签', '{\"remark\":\"\",\"type\":\"借出\",\"userId\":\"14\",\"toolsId\":\"1\"}', '{\"Data\":null,\"Code\":200,\"Message\":\"\"}', '40', '2021-10-20 14:08:04', 1, NULL, NULL);
INSERT INTO `sys_request_log` VALUES (227, '/toolsLog/save', '绑定标签', '{\"remark\":\"\",\"type\":\"借出\",\"userId\":\"14\",\"toolsId\":\"2\"}', '{\"Data\":null,\"Code\":200,\"Message\":\"\"}', '11', '2021-10-20 14:08:04', 1, NULL, NULL);
INSERT INTO `sys_request_log` VALUES (228, '/toolsLog/save', '绑定标签', '{\"remark\":\"\",\"type\":\"借出\",\"userId\":\"14\",\"toolsId\":\"3\"}', '{\"Data\":null,\"Code\":200,\"Message\":\"\"}', '6', '2021-10-20 14:08:04', 1, NULL, NULL);
INSERT INTO `sys_request_log` VALUES (229, '/toolsLog/save', '绑定标签', '{\"remark\":\"\",\"type\":\"归还\",\"userId\":\"14\",\"toolsId\":\"2\"}', '{\"Data\":null,\"Code\":200,\"Message\":\"\"}', '10', '2021-10-20 14:08:15', 1, NULL, NULL);
INSERT INTO `sys_request_log` VALUES (230, '/toolsLog/save', '绑定标签', '{\"remark\":\"\",\"type\":\"归还\",\"userId\":\"14\",\"toolsId\":\"1\"}', '{\"Data\":null,\"Code\":200,\"Message\":\"\"}', '16', '2021-10-20 14:08:16', 1, NULL, NULL);
INSERT INTO `sys_request_log` VALUES (231, '/toolsLog/save', '绑定标签', '{\"remark\":\"\",\"type\":\"归还\",\"userId\":\"14\",\"toolsId\":\"3\"}', '{\"Data\":null,\"Code\":200,\"Message\":\"\"}', '7', '2021-10-20 14:08:16', 1, NULL, NULL);
INSERT INTO `sys_request_log` VALUES (232, '/toolsLog/save', '绑定标签', '{\"remark\":\"\",\"type\":\"归还\",\"userId\":\"14\",\"toolsId\":\"1\"}', '{\"Data\":null,\"Code\":200,\"Message\":\"\"}', '15', '2021-10-20 14:08:39', 1, NULL, NULL);
INSERT INTO `sys_request_log` VALUES (233, '/toolsLog/save', '绑定标签', '{\"remark\":\"\",\"type\":\"归还\",\"userId\":\"14\",\"toolsId\":\"2\"}', '{\"Data\":null,\"Code\":200,\"Message\":\"\"}', '16', '2021-10-20 14:08:39', 1, NULL, NULL);
INSERT INTO `sys_request_log` VALUES (234, '/toolsLog/save', '绑定标签', '{\"remark\":\"\",\"type\":\"归还\",\"userId\":\"14\",\"toolsId\":\"3\"}', '{\"Data\":null,\"Code\":200,\"Message\":\"\"}', '18', '2021-10-20 14:08:40', 1, NULL, NULL);
INSERT INTO `sys_request_log` VALUES (235, '/toolsLog/save', '绑定标签', '{\"remark\":\"\",\"type\":\"借出\",\"userId\":\"14\",\"toolsId\":\"1\"}', '{\"Data\":null,\"Code\":200,\"Message\":\"\"}', '16', '2021-10-20 14:09:37', 1, NULL, NULL);
INSERT INTO `sys_request_log` VALUES (236, '/toolsLog/save', '绑定标签', '{\"remark\":\"\",\"type\":\"借出\",\"userId\":\"14\",\"toolsId\":\"2\"}', '{\"Data\":null,\"Code\":200,\"Message\":\"\"}', '6', '2021-10-20 14:09:37', 1, NULL, NULL);
INSERT INTO `sys_request_log` VALUES (237, '/toolsLog/save', '绑定标签', '{\"remark\":\"\",\"type\":\"借出\",\"userId\":\"14\",\"toolsId\":\"3\"}', '{\"Data\":null,\"Code\":200,\"Message\":\"\"}', '9', '2021-10-20 14:09:37', 1, NULL, NULL);
INSERT INTO `sys_request_log` VALUES (238, '/toolsLog/save', '绑定标签', '{\"remark\":\"\",\"type\":\"借出\",\"userId\":\"14\",\"toolsId\":\"1\"}', '{\"Data\":null,\"Code\":200,\"Message\":\"\"}', '12', '2021-10-20 14:10:01', 1, NULL, NULL);
INSERT INTO `sys_request_log` VALUES (239, '/toolsLog/save', '绑定标签', '{\"remark\":\"\",\"type\":\"借出\",\"userId\":\"14\",\"toolsId\":\"3\"}', '{\"Data\":null,\"Code\":200,\"Message\":\"\"}', '7', '2021-10-20 14:10:01', 1, NULL, NULL);
INSERT INTO `sys_request_log` VALUES (240, '/toolsLog/save', '绑定标签', '{\"remark\":\"\",\"type\":\"归还\",\"userId\":\"14\",\"toolsId\":\"2\"}', '{\"Data\":null,\"Code\":200,\"Message\":\"\"}', '11', '2021-10-20 14:10:12', 1, NULL, NULL);
INSERT INTO `sys_request_log` VALUES (241, '/toolsLog/save', '绑定标签', '{\"remark\":\"\",\"type\":\"借出\",\"userId\":\"14\",\"toolsId\":\"1\"}', '{\"Data\":null,\"Code\":200,\"Message\":\"\"}', '10', '2021-10-20 14:10:22', 1, NULL, NULL);
INSERT INTO `sys_request_log` VALUES (242, '/toolsLog/save', '绑定标签', '{\"remark\":\"\",\"type\":\"借出\",\"userId\":\"14\",\"toolsId\":\"3\"}', '{\"Data\":null,\"Code\":200,\"Message\":\"\"}', '7', '2021-10-20 14:10:22', 1, NULL, NULL);
INSERT INTO `sys_request_log` VALUES (243, '/toolsLog/save', '绑定标签', '{\"remark\":\"\",\"type\":\"归还\",\"userId\":\"14\",\"toolsId\":\"3\"}', '{\"Data\":null,\"Code\":200,\"Message\":\"\"}', '26', '2021-10-20 14:12:48', 1, NULL, NULL);
INSERT INTO `sys_request_log` VALUES (244, '/toolsLog/save', '绑定标签', '{\"remark\":\"\",\"type\":\"归还\",\"userId\":\"14\",\"toolsId\":\"1\"}', '{\"Data\":null,\"Code\":200,\"Message\":\"\"}', '9', '2021-10-20 14:12:48', 1, NULL, NULL);
INSERT INTO `sys_request_log` VALUES (245, '/toolsLog/save', '绑定标签', '{\"remark\":\"\",\"type\":\"归还\",\"userId\":\"14\",\"toolsId\":\"3\"}', '{\"Data\":null,\"Code\":200,\"Message\":\"\"}', '11', '2021-10-20 14:12:54', 1, NULL, NULL);
INSERT INTO `sys_request_log` VALUES (246, '/toolsLog/save', '绑定标签', '{\"remark\":\"\",\"type\":\"归还\",\"userId\":\"14\",\"toolsId\":\"1\"}', '{\"Data\":null,\"Code\":200,\"Message\":\"\"}', '8', '2021-10-20 14:12:55', 1, NULL, NULL);
INSERT INTO `sys_request_log` VALUES (247, '/toolsLog/save', '绑定标签', '{\"remark\":\"\",\"type\":\"借出\",\"userId\":\"14\",\"toolsId\":\"1\"}', '{\"Data\":null,\"Code\":200,\"Message\":\"\"}', '693', '2021-10-20 14:23:35', 1, NULL, NULL);
INSERT INTO `sys_request_log` VALUES (248, '/toolsLog/save', '绑定标签', '{\"remark\":\"\",\"type\":\"借出\",\"userId\":\"14\",\"toolsId\":\"2\"}', '{\"Data\":null,\"Code\":200,\"Message\":\"\"}', '690', '2021-10-20 14:23:35', 1, NULL, NULL);
INSERT INTO `sys_request_log` VALUES (249, '/toolsLog/save', '绑定标签', '{\"remark\":\"\",\"type\":\"借出\",\"userId\":\"14\",\"toolsId\":\"3\"}', '{\"Data\":null,\"Code\":200,\"Message\":\"\"}', '690', '2021-10-20 14:23:35', 1, NULL, NULL);
INSERT INTO `sys_request_log` VALUES (250, '/toolsLog/save', '绑定标签', '{\"remark\":\"\",\"type\":\"归还\",\"userId\":\"14\",\"toolsId\":\"3\"}', '{\"Data\":null,\"Code\":200,\"Message\":\"\"}', '37', '2021-10-20 14:24:02', 1, NULL, NULL);
INSERT INTO `sys_request_log` VALUES (251, '/toolsLog/save', '绑定标签', '{\"remark\":\"\",\"type\":\"借出\",\"userId\":\"14\",\"toolsId\":\"1\"}', '{\"Data\":null,\"Code\":200,\"Message\":\"\"}', '9', '2021-10-20 14:24:04', 1, NULL, NULL);
INSERT INTO `sys_request_log` VALUES (252, '/toolsLog/save', '绑定标签', '{\"remark\":\"\",\"type\":\"借出\",\"userId\":\"14\",\"toolsId\":\"2\"}', '{\"Data\":null,\"Code\":200,\"Message\":\"\"}', '7', '2021-10-20 14:24:04', 1, NULL, NULL);
INSERT INTO `sys_request_log` VALUES (253, '/toolsLog/save', '绑定标签', '{\"remark\":\"\",\"type\":\"归还\",\"userId\":\"14\",\"toolsId\":\"3\"}', '{\"Data\":null,\"Code\":200,\"Message\":\"\"}', '9', '2021-10-20 14:24:08', 1, NULL, NULL);
INSERT INTO `sys_request_log` VALUES (254, '/toolsLog/save', '绑定标签', '{\"remark\":\"\",\"type\":\"归还\",\"userId\":\"14\",\"toolsId\":\"2\"}', '{\"Data\":null,\"Code\":200,\"Message\":\"\"}', '15', '2021-10-20 14:24:31', 1, NULL, NULL);
INSERT INTO `sys_request_log` VALUES (255, '/toolsLog/save', '绑定标签', '{\"remark\":\"\",\"type\":\"归还\",\"userId\":\"14\",\"toolsId\":\"2\"}', '{\"Data\":null,\"Code\":200,\"Message\":\"\"}', '7', '2021-10-20 14:24:37', 1, NULL, NULL);
INSERT INTO `sys_request_log` VALUES (256, '/toolsLog/save', '绑定标签', '{\"remark\":\"\",\"type\":\"归还\",\"userId\":\"14\",\"toolsId\":\"2\"}', '{\"Data\":null,\"Code\":200,\"Message\":\"\"}', '14', '2021-10-20 14:25:04', 1, NULL, NULL);
INSERT INTO `sys_request_log` VALUES (257, '/toolsLog/save', '绑定标签', '{\"remark\":\"\",\"type\":\"归还\",\"userId\":\"14\",\"toolsId\":\"1\"}', '{\"Data\":null,\"Code\":200,\"Message\":\"\"}', '6', '2021-10-20 14:25:05', 1, NULL, NULL);
INSERT INTO `sys_request_log` VALUES (258, '/toolsLog/save', '绑定标签', '{\"remark\":\"\",\"type\":\"借出\",\"userId\":\"14\",\"toolsId\":\"2\"}', '{\"code\":200,\"cloud_result\":\"\",\"message\":\"成功\"}', '83', '2021-10-20 18:38:04', 1, '200', NULL);
INSERT INTO `sys_request_log` VALUES (259, '/toolsLog/save', '绑定标签', '{\"remark\":\"\",\"type\":\"借出\",\"userId\":\"14\",\"toolsId\":\"3\"}', '{\"code\":200,\"cloud_result\":\"\",\"message\":\"成功\"}', '24', '2021-10-20 18:38:04', 1, '200', NULL);
INSERT INTO `sys_request_log` VALUES (260, '/toolsLog/save', '绑定标签', '{\"remark\":\"\",\"type\":\"归还\",\"userId\":\"-1\",\"toolsId\":\"2\"}', '{\"ApiName\":\"GetBind2\",\"Code\":0,\"Message\":\"success\"}', '820', '2021-10-20 18:48:36', 1, NULL, NULL);
INSERT INTO `sys_request_log` VALUES (261, '/toolsLog/save', '绑定标签', '{\"remark\":\"\",\"type\":\"归还\",\"userId\":\"-1\",\"toolsId\":\"3\"}', '{\"ApiName\":\"GetBind2\",\"Code\":0,\"Message\":\"success\"}', '792', '2021-10-20 18:48:36', 1, NULL, NULL);
INSERT INTO `sys_request_log` VALUES (262, '/toolsLog/save', '绑定标签', '{\"remark\":\"\",\"type\":\"借出\",\"userId\":\"14\",\"toolsId\":\"3\"}', '{\"ApiName\":\"GetBind2\",\"Code\":0,\"Message\":\"success\"}', '234', '2021-10-20 18:53:27', 1, NULL, NULL);
INSERT INTO `sys_request_log` VALUES (263, '/toolsLog/save', '绑定标签', '{\"remark\":\"\",\"type\":\"借出\",\"userId\":\"14\",\"toolsId\":\"2\"}', '{\"ApiName\":\"GetBind2\",\"Code\":0,\"Message\":\"success\"}', '285', '2021-10-20 18:53:27', 1, NULL, NULL);
INSERT INTO `sys_request_log` VALUES (264, '/toolsLog/save', '绑定标签', '{\"remark\":\"\",\"type\":\"归还\",\"userId\":\"14\",\"toolsId\":\"3\"}', '{\"ApiName\":\"GetBind2\",\"Code\":0,\"Message\":\"success\"}', '37', '2021-10-20 18:54:04', 1, NULL, NULL);
INSERT INTO `sys_request_log` VALUES (265, '/toolsLog/save', '绑定标签', '{\"remark\":\"\",\"type\":\"归还\",\"userId\":\"14\",\"toolsId\":\"2\"}', '{\"ApiName\":\"GetBind2\",\"Code\":0,\"Message\":\"success\"}', '31', '2021-10-20 18:54:04', 1, NULL, NULL);
INSERT INTO `sys_request_log` VALUES (266, '/toolsLog/save', '绑定标签', '{\"remark\":\"\",\"type\":\"借出\",\"userId\":\"14\",\"toolsId\":\"3\"}', '{\"ApiName\":\"GetBind2\",\"Code\":0,\"Message\":\"success\"}', '245', '2021-10-20 18:56:42', 1, NULL, NULL);
INSERT INTO `sys_request_log` VALUES (267, '/toolsLog/save', '绑定标签', '{\"remark\":\"\",\"type\":\"借出\",\"userId\":\"14\",\"toolsId\":\"2\"}', '{\"ApiName\":\"GetBind2\",\"Code\":0,\"Message\":\"success\"}', '292', '2021-10-20 18:56:42', 1, NULL, NULL);
INSERT INTO `sys_request_log` VALUES (268, '/toolsLog/save', '绑定标签', '{\"remark\":\"\",\"type\":\"归还\",\"userId\":\"-1\",\"toolsId\":\"3\"}', '{\"ApiName\":\"GetBind2\",\"Code\":0,\"Message\":\"success\"}', '382', '2021-10-20 19:07:18', 1, NULL, NULL);
INSERT INTO `sys_request_log` VALUES (269, '/toolsLog/save', '绑定标签', '{\"remark\":\"\",\"type\":\"归还\",\"userId\":\"-1\",\"toolsId\":\"2\"}', '{\"ApiName\":\"GetBind2\",\"Code\":0,\"Message\":\"success\"}', '356', '2021-10-20 19:07:18', 1, NULL, NULL);
INSERT INTO `sys_request_log` VALUES (270, '/toolsLog/save', '绑定标签', '{\"remark\":\"\",\"type\":\"借出\",\"userId\":\"14\",\"toolsId\":\"2\"}', '{\"ApiName\":\"GetBind2\",\"Code\":0,\"Message\":\"success\"}', '297', '2021-10-20 19:09:05', 1, NULL, NULL);
INSERT INTO `sys_request_log` VALUES (271, '/toolsLog/save', '绑定标签', '{\"remark\":\"\",\"type\":\"借出\",\"userId\":\"14\",\"toolsId\":\"3\"}', '{\"ApiName\":\"GetBind2\",\"Code\":0,\"Message\":\"success\"}', '253', '2021-10-20 19:09:05', 1, NULL, NULL);
INSERT INTO `sys_request_log` VALUES (272, '/toolsLog/save', '绑定标签', '{\"remark\":\"\",\"type\":\"借出\",\"userId\":\"14\",\"toolsId\":\"2\"}', '{\"ApiName\":\"GetBind2\",\"Code\":0,\"Message\":\"success\"}', '15', '2021-10-20 19:09:29', 1, NULL, NULL);
INSERT INTO `sys_request_log` VALUES (273, '/toolsLog/save', '绑定标签', '{\"remark\":\"\",\"type\":\"借出\",\"userId\":\"14\",\"toolsId\":\"3\"}', '{\"ApiName\":\"GetBind2\",\"Code\":0,\"Message\":\"success\"}', '7', '2021-10-20 19:09:29', 1, NULL, NULL);
INSERT INTO `sys_request_log` VALUES (274, '/toolsLog/save', '绑定标签', '{\"remark\":\"\",\"type\":\"归还\",\"userId\":\"14\",\"toolsId\":\"2\"}', '{\"ApiName\":\"GetBind2\",\"Code\":0,\"Message\":\"success\"}', '10', '2021-10-20 19:09:34', 1, NULL, NULL);
INSERT INTO `sys_request_log` VALUES (275, '/toolsLog/save', '绑定标签', '{\"remark\":\"\",\"type\":\"归还\",\"userId\":\"14\",\"toolsId\":\"3\"}', '{\"ApiName\":\"GetBind2\",\"Code\":0,\"Message\":\"success\"}', '10', '2021-10-20 19:09:35', 1, NULL, NULL);
INSERT INTO `sys_request_log` VALUES (276, '/toolsLog/save', '绑定标签', '{\"remark\":\"\",\"type\":\"借出\",\"userId\":\"14\",\"toolsId\":\"2\"}', NULL, '10078', '2021-10-20 19:29:25', 1, NULL, NULL);
INSERT INTO `sys_request_log` VALUES (277, '/toolsLog/save', '绑定标签', '{\"remark\":\"\",\"type\":\"借出\",\"userId\":\"14\",\"toolsId\":\"3\"}', NULL, '10096', '2021-10-20 19:29:25', 1, NULL, NULL);
INSERT INTO `sys_request_log` VALUES (278, '/toolsLog/save', '绑定标签', '{\"remark\":\"\",\"type\":\"借出\",\"userId\":\"-1\",\"toolsId\":\"2\"}', NULL, '10087', '2021-10-20 19:32:23', 1, NULL, NULL);
INSERT INTO `sys_request_log` VALUES (279, '/toolsLog/save', '绑定标签', '{\"remark\":\"\",\"type\":\"借出\",\"userId\":\"-1\",\"toolsId\":\"3\"}', NULL, '10097', '2021-10-20 19:32:23', 1, NULL, NULL);
INSERT INTO `sys_request_log` VALUES (280, '/toolsLog/save', '绑定标签', '{\"remark\":\"\",\"type\":\"归还\",\"userId\":\"14\",\"toolsId\":\"2\"}', NULL, '10048', '2021-10-20 19:32:57', 1, NULL, NULL);
INSERT INTO `sys_request_log` VALUES (281, '/toolsLog/save', '绑定标签', '{\"remark\":\"\",\"type\":\"归还\",\"userId\":\"14\",\"toolsId\":\"3\"}', NULL, '10080', '2021-10-20 19:32:58', 1, NULL, NULL);
INSERT INTO `sys_request_log` VALUES (282, '/toolsLog/save', '绑定标签', '{\"remark\":\"\",\"type\":\"归还\",\"userId\":\"14\",\"toolsId\":\"3\"}', NULL, '10044', '2021-10-20 19:33:04', 1, NULL, NULL);
INSERT INTO `sys_request_log` VALUES (283, '/toolsLog/save', '绑定标签', '{\"remark\":\"\",\"type\":\"归还\",\"userId\":\"14\",\"toolsId\":\"2\"}', NULL, '10065', '2021-10-20 19:33:05', 1, NULL, NULL);
INSERT INTO `sys_request_log` VALUES (284, '/toolsLog/save', '绑定标签', '{\"remark\":\"\",\"type\":\"借出\",\"userId\":\"14\",\"toolsId\":\"3\"}', '{\"Data\":\"GetBind\",\"Code\":200,\"Message\":\"\"}', '309', '2021-10-21 17:08:15', 1, NULL, NULL);
INSERT INTO `sys_request_log` VALUES (285, '/toolsLog/save', '绑定标签', '{\"remark\":\"\",\"type\":\"归还\",\"userId\":\"14\",\"toolsId\":\"3\"}', '{\"Data\":\"GetBind\",\"Code\":200,\"Message\":\"\"}', '10', '2021-10-21 17:08:35', 1, NULL, NULL);
INSERT INTO `sys_request_log` VALUES (286, '/toolsLog/save', '绑定标签', '{\"remark\":\"\",\"type\":\"借出\",\"userId\":\"14\",\"toolsId\":\"1\"}', '{\"Data\":\"GetBind\",\"Code\":200,\"Message\":\"\"}', '12', '2021-10-21 17:09:06', 1, NULL, NULL);
INSERT INTO `sys_request_log` VALUES (287, '/toolsLog/save', '绑定标签', '{\"remark\":\"\",\"type\":\"借出\",\"userId\":\"14\",\"toolsId\":\"2\"}', '{\"Data\":\"GetBind\",\"Code\":200,\"Message\":\"\"}', '30', '2021-10-21 17:09:06', 1, NULL, NULL);
INSERT INTO `sys_request_log` VALUES (288, '/toolsLog/save', '绑定标签', '{\"remark\":\"\",\"type\":\"借出\",\"userId\":\"14\",\"toolsId\":\"3\"}', '{\"Data\":\"GetBind\",\"Code\":200,\"Message\":\"\"}', '13', '2021-10-21 17:09:06', 1, NULL, NULL);
INSERT INTO `sys_request_log` VALUES (289, '/toolsLog/save', '绑定标签', '{\"remark\":\"\",\"type\":\"归还\",\"userId\":\"14\",\"toolsId\":\"1\"}', '{\"Data\":\"GetBind\",\"Code\":200,\"Message\":\"\"}', '11', '2021-10-21 17:09:35', 1, NULL, NULL);
INSERT INTO `sys_request_log` VALUES (290, '/toolsLog/save', '绑定标签', '{\"remark\":\"\",\"type\":\"归还\",\"userId\":\"14\",\"toolsId\":\"2\"}', '{\"Data\":\"GetBind\",\"Code\":200,\"Message\":\"\"}', '9', '2021-10-21 17:09:35', 1, NULL, NULL);
INSERT INTO `sys_request_log` VALUES (291, '/toolsLog/save', '绑定标签', '{\"remark\":\"\",\"type\":\"归还\",\"userId\":\"14\",\"toolsId\":\"3\"}', '{\"Data\":\"GetBind\",\"Code\":200,\"Message\":\"\"}', '18', '2021-10-21 17:09:53', 1, NULL, NULL);
INSERT INTO `sys_request_log` VALUES (292, '/toolsLog/save', '绑定标签', '{\"remark\":\"\",\"type\":\"借出\",\"userId\":\"-1\",\"toolsId\":\"2\"}', '{\"Data\":\"GetBind\",\"Code\":200,\"Message\":\"\"}', '293', '2021-10-22 10:11:03', 1, NULL, NULL);
INSERT INTO `sys_request_log` VALUES (293, '/toolsLog/save', '绑定标签', '{\"remark\":\"\",\"type\":\"借出\",\"userId\":\"-1\",\"toolsId\":\"3\"}', '{\"Data\":\"GetBind\",\"Code\":200,\"Message\":\"\"}', '242', '2021-10-22 10:11:03', 1, NULL, NULL);
INSERT INTO `sys_request_log` VALUES (294, '/toolsLog/save', '绑定标签', '{\"remark\":\"\",\"type\":\"归还\",\"userId\":\"-1\",\"toolsId\":\"3\"}', '{\"Data\":\"GetBind\",\"Code\":200,\"Message\":\"\"}', '15', '2021-10-22 10:11:40', 1, NULL, NULL);
INSERT INTO `sys_request_log` VALUES (295, '/toolsLog/save', '绑定标签', '{\"remark\":\"\",\"type\":\"归还\",\"userId\":\"-1\",\"toolsId\":\"2\"}', '{\"Data\":\"GetBind\",\"Code\":200,\"Message\":\"\"}', '16', '2021-10-22 10:11:40', 1, NULL, NULL);
INSERT INTO `sys_request_log` VALUES (296, '/toolsLog/save', '绑定标签', '{\"remark\":\"\",\"type\":\"借出\",\"userId\":\"-1\",\"toolsId\":\"3\"}', '{\"Data\":\"GetBind\",\"Code\":200,\"Message\":\"\"}', '8', '2021-10-22 10:13:40', 1, NULL, NULL);
INSERT INTO `sys_request_log` VALUES (297, '/toolsLog/save', '绑定标签', '{\"remark\":\"\",\"type\":\"归还\",\"userId\":\"-1\",\"toolsId\":\"3\"}', '{\"Data\":\"GetBind\",\"Code\":200,\"Message\":\"\"}', '7', '2021-10-22 10:13:56', 1, NULL, NULL);
INSERT INTO `sys_request_log` VALUES (298, '/toolsLog/save', '绑定标签', '{\"remark\":\"\",\"type\":\"借出\",\"userId\":\"-1\",\"toolsId\":\"3\"}', '{\"Data\":\"GetBind\",\"Code\":200,\"Message\":\"\"}', '8', '2021-10-22 10:14:29', 1, NULL, NULL);
INSERT INTO `sys_request_log` VALUES (299, '/toolsLog/save', '绑定标签', '{\"remark\":\"\",\"type\":\"归还\",\"userId\":\"-1\",\"toolsId\":\"3\"}', '{\"Data\":\"GetBind\",\"Code\":200,\"Message\":\"\"}', '10', '2021-10-22 10:16:17', 1, NULL, NULL);
INSERT INTO `sys_request_log` VALUES (300, '/toolsLog/save', '绑定标签', '{\"remark\":\"\",\"type\":\"借出\",\"userId\":\"14\",\"toolsId\":\"3\"}', '{\"Data\":\"GetBind\",\"Code\":200,\"Message\":\"\"}', '9', '2021-10-22 10:28:42', 1, NULL, NULL);
INSERT INTO `sys_request_log` VALUES (301, '/toolsLog/save', '绑定标签', '{\"remark\":\"\",\"type\":\"归还\",\"userId\":\"14\",\"toolsId\":\"3\"}', '{\"Data\":\"GetBind\",\"Code\":200,\"Message\":\"\"}', '7', '2021-10-22 10:31:18', 1, NULL, NULL);

-- ----------------------------
-- Table structure for sys_role
-- ----------------------------
DROP TABLE IF EXISTS `sys_role`;
CREATE TABLE `sys_role`  (
  `role_id` bigint(20) NOT NULL AUTO_INCREMENT,
  `role_name` varchar(100) CHARACTER SET utf8 COLLATE utf8_general_ci NULL DEFAULT NULL COMMENT '角色名称',
  `remark` varchar(100) CHARACTER SET utf8 COLLATE utf8_general_ci NULL DEFAULT NULL COMMENT '备注',
  `create_user_id` bigint(20) NULL DEFAULT NULL COMMENT '创建者ID',
  `create_time` datetime(0) NULL DEFAULT NULL COMMENT '创建时间',
  `type` varchar(10) CHARACTER SET utf8 COLLATE utf8_general_ci NOT NULL DEFAULT '0' COMMENT '判断是否可以删除',
  PRIMARY KEY (`role_id`) USING BTREE
) ENGINE = InnoDB AUTO_INCREMENT = 27 CHARACTER SET = utf8 COLLATE = utf8_general_ci COMMENT = '角色' ROW_FORMAT = Dynamic;

-- ----------------------------
-- Records of sys_role
-- ----------------------------
INSERT INTO `sys_role` VALUES (19, '超级管理员', '超级管理员', 1, '2019-11-11 10:57:00', '0');
INSERT INTO `sys_role` VALUES (26, '用户', '用户角色', 1, '2021-04-01 12:20:06', '1');

-- ----------------------------
-- Table structure for sys_role_menu
-- ----------------------------
DROP TABLE IF EXISTS `sys_role_menu`;
CREATE TABLE `sys_role_menu`  (
  `id` bigint(20) NOT NULL AUTO_INCREMENT,
  `role_id` bigint(20) NULL DEFAULT NULL COMMENT '角色ID',
  `menu_id` bigint(20) NULL DEFAULT NULL COMMENT '菜单ID',
  PRIMARY KEY (`id`) USING BTREE
) ENGINE = InnoDB AUTO_INCREMENT = 2644 CHARACTER SET = utf8 COLLATE = utf8_general_ci COMMENT = '角色与菜单对应关系' ROW_FORMAT = Dynamic;

-- ----------------------------
-- Records of sys_role_menu
-- ----------------------------
INSERT INTO `sys_role_menu` VALUES (2510, 26, 121);
INSERT INTO `sys_role_menu` VALUES (2511, 26, 125);
INSERT INTO `sys_role_menu` VALUES (2512, 26, 126);
INSERT INTO `sys_role_menu` VALUES (2513, 26, 130);
INSERT INTO `sys_role_menu` VALUES (2514, 26, 149);
INSERT INTO `sys_role_menu` VALUES (2516, 26, -666666);
INSERT INTO `sys_role_menu` VALUES (2602, 19, 1);
INSERT INTO `sys_role_menu` VALUES (2603, 19, 2);
INSERT INTO `sys_role_menu` VALUES (2604, 19, 15);
INSERT INTO `sys_role_menu` VALUES (2605, 19, 120);
INSERT INTO `sys_role_menu` VALUES (2606, 19, 140);
INSERT INTO `sys_role_menu` VALUES (2607, 19, 3);
INSERT INTO `sys_role_menu` VALUES (2608, 19, 19);
INSERT INTO `sys_role_menu` VALUES (2609, 19, 20);
INSERT INTO `sys_role_menu` VALUES (2610, 19, 21);
INSERT INTO `sys_role_menu` VALUES (2611, 19, 22);
INSERT INTO `sys_role_menu` VALUES (2612, 19, 4);
INSERT INTO `sys_role_menu` VALUES (2613, 19, 23);
INSERT INTO `sys_role_menu` VALUES (2614, 19, 24);
INSERT INTO `sys_role_menu` VALUES (2615, 19, 25);
INSERT INTO `sys_role_menu` VALUES (2616, 19, 26);
INSERT INTO `sys_role_menu` VALUES (2617, 19, 6);
INSERT INTO `sys_role_menu` VALUES (2618, 19, 7);
INSERT INTO `sys_role_menu` VALUES (2619, 19, 8);
INSERT INTO `sys_role_menu` VALUES (2620, 19, 9);
INSERT INTO `sys_role_menu` VALUES (2621, 19, 10);
INSERT INTO `sys_role_menu` VALUES (2622, 19, 11);
INSERT INTO `sys_role_menu` VALUES (2623, 19, 12);
INSERT INTO `sys_role_menu` VALUES (2624, 19, 13);
INSERT INTO `sys_role_menu` VALUES (2625, 19, 14);
INSERT INTO `sys_role_menu` VALUES (2626, 19, 142);
INSERT INTO `sys_role_menu` VALUES (2627, 19, 143);
INSERT INTO `sys_role_menu` VALUES (2628, 19, 144);
INSERT INTO `sys_role_menu` VALUES (2629, 19, 145);
INSERT INTO `sys_role_menu` VALUES (2630, 19, 146);
INSERT INTO `sys_role_menu` VALUES (2631, 19, 147);
INSERT INTO `sys_role_menu` VALUES (2632, 19, 148);
INSERT INTO `sys_role_menu` VALUES (2633, 19, 151);
INSERT INTO `sys_role_menu` VALUES (2634, 19, 152);
INSERT INTO `sys_role_menu` VALUES (2635, 19, 153);
INSERT INTO `sys_role_menu` VALUES (2636, 19, 154);
INSERT INTO `sys_role_menu` VALUES (2637, 19, 155);
INSERT INTO `sys_role_menu` VALUES (2638, 19, 156);
INSERT INTO `sys_role_menu` VALUES (2639, 19, 157);
INSERT INTO `sys_role_menu` VALUES (2640, 19, 158);
INSERT INTO `sys_role_menu` VALUES (2641, 19, 159);
INSERT INTO `sys_role_menu` VALUES (2642, 19, 160);
INSERT INTO `sys_role_menu` VALUES (2643, 19, -666666);

-- ----------------------------
-- Table structure for sys_user
-- ----------------------------
DROP TABLE IF EXISTS `sys_user`;
CREATE TABLE `sys_user`  (
  `user_id` bigint(20) NOT NULL AUTO_INCREMENT,
  `username` varchar(50) CHARACTER SET utf8 COLLATE utf8_general_ci NULL DEFAULT NULL COMMENT '用户名',
  `nickname` varchar(255) CHARACTER SET utf8 COLLATE utf8_general_ci NULL DEFAULT NULL COMMENT '中文姓名',
  `password` varchar(100) CHARACTER SET utf8 COLLATE utf8_general_ci NULL DEFAULT NULL COMMENT '密码',
  `remote_id` varchar(50) CHARACTER SET utf8 COLLATE utf8_general_ci NULL DEFAULT NULL COMMENT '远端id',
  `salt` varchar(20) CHARACTER SET utf8 COLLATE utf8_general_ci NULL DEFAULT NULL COMMENT '盐',
  `idcard` varchar(50) CHARACTER SET utf8 COLLATE utf8_general_ci NULL DEFAULT NULL COMMENT '身份证',
  `email` varchar(100) CHARACTER SET utf8 COLLATE utf8_general_ci NULL DEFAULT NULL COMMENT '邮箱',
  `mobile` varchar(100) CHARACTER SET utf8 COLLATE utf8_general_ci NULL DEFAULT NULL COMMENT '手机号',
  `status` tinyint(4) NULL DEFAULT NULL COMMENT '状态  0：禁用   1：正常',
  `create_user_id` bigint(20) NULL DEFAULT NULL COMMENT '创建者ID',
  `create_time` datetime(0) NULL DEFAULT NULL COMMENT '创建时间',
  `staff_code` varchar(50) CHARACTER SET utf8 COLLATE utf8_general_ci NULL DEFAULT NULL COMMENT '员工卡',
  PRIMARY KEY (`user_id`) USING BTREE,
  UNIQUE INDEX `username`(`username`) USING BTREE
) ENGINE = InnoDB AUTO_INCREMENT = 222342 CHARACTER SET = utf8 COLLATE = utf8_general_ci COMMENT = '系统用户' ROW_FORMAT = Dynamic;

-- ----------------------------
-- Records of sys_user
-- ----------------------------
INSERT INTO `sys_user` VALUES (1, 'admin', '超级管理员', '55a0dfde4b46392d4589553a510c3d51cf10d81f2db1d36b4e23e93efd286e28', '-1', 'KsRPu7V0uAznUIC4G2Bd', '213', 'root@renren.io', '13612345678', 0, 1, '2016-11-11 11:11:11', '…');
INSERT INTO `sys_user` VALUES (222328, '001', '管理员', 'a88f6935599b22a19f9a17e8c3238f861067fd3cb1e35c06930a3d308fe1985b', '1', '2Pc7aAlxx9Kf349fAx2X', NULL, NULL, NULL, 0, NULL, '2021-10-22 15:38:39', NULL);
INSERT INTO `sys_user` VALUES (222329, '013', '亮甘13', 'a2dfb276fc1d72b153366f7212597428dbb52e3d37b430a37193b7f237e932fa', '13', 'vtVWJvr8OfJLmcBPYrtv', NULL, NULL, NULL, 0, NULL, '2021-10-22 15:46:05', NULL);
INSERT INTO `sys_user` VALUES (222341, '014', '李四', '463fa982a8abf0d34c22f9e6632da7ca45d2addce981ec41a929c4fe4041d341', '14', 'xr9zBb6ndGj9PzpLBVUp', NULL, NULL, NULL, 1, NULL, '2021-11-02 10:54:55', '12321');

-- ----------------------------
-- Table structure for sys_user_role
-- ----------------------------
DROP TABLE IF EXISTS `sys_user_role`;
CREATE TABLE `sys_user_role`  (
  `id` bigint(20) NOT NULL AUTO_INCREMENT,
  `user_id` bigint(20) NULL DEFAULT NULL COMMENT '用户ID',
  `role_id` bigint(20) NULL DEFAULT NULL COMMENT '角色ID',
  PRIMARY KEY (`id`) USING BTREE
) ENGINE = InnoDB AUTO_INCREMENT = 198 CHARACTER SET = utf8 COLLATE = utf8_general_ci COMMENT = '用户与角色对应关系' ROW_FORMAT = Dynamic;

-- ----------------------------
-- Records of sys_user_role
-- ----------------------------
INSERT INTO `sys_user_role` VALUES (181, 1, 19);
INSERT INTO `sys_user_role` VALUES (184, 2, 26);
INSERT INTO `sys_user_role` VALUES (186, 9, 26);
INSERT INTO `sys_user_role` VALUES (188, 14, 26);
INSERT INTO `sys_user_role` VALUES (189, 13, 26);
INSERT INTO `sys_user_role` VALUES (195, 222328, 26);
INSERT INTO `sys_user_role` VALUES (196, 222329, 26);
INSERT INTO `sys_user_role` VALUES (197, 222341, 26);

-- ----------------------------
-- Table structure for sys_user_token
-- ----------------------------
DROP TABLE IF EXISTS `sys_user_token`;
CREATE TABLE `sys_user_token`  (
  `user_id` bigint(20) NOT NULL,
  `token` varchar(100) CHARACTER SET utf8 COLLATE utf8_general_ci NOT NULL COMMENT 'token',
  `expire_time` datetime(0) NULL DEFAULT NULL COMMENT '过期时间',
  `update_time` datetime(0) NULL DEFAULT NULL COMMENT '更新时间',
  PRIMARY KEY (`user_id`) USING BTREE,
  UNIQUE INDEX `token`(`token`) USING BTREE
) ENGINE = InnoDB CHARACTER SET = utf8 COLLATE = utf8_general_ci COMMENT = '系统用户Token' ROW_FORMAT = Dynamic;

-- ----------------------------
-- Records of sys_user_token
-- ----------------------------
INSERT INTO `sys_user_token` VALUES (1, '02c0d93544c8370f9a05a2482bcf0254', '2021-11-02 13:37:24', '2021-11-02 10:37:24');
INSERT INTO `sys_user_token` VALUES (2, 'fff65136515bf5524a72646f2e72e00c', '2021-04-07 19:03:52', '2021-04-07 16:03:52');
INSERT INTO `sys_user_token` VALUES (46, '1d89c3d7f7f9afd91d40e6e1e8bc3162', '2019-11-11 18:36:55', '2019-11-11 15:36:55');
INSERT INTO `sys_user_token` VALUES (50, 'a8fecc2adcdb4f0d7812fd96603e9122', '2019-11-28 02:26:58', '2019-11-27 23:26:58');
INSERT INTO `sys_user_token` VALUES (51, '52ec5d1aa2274c58c88da1ce32306b8a', '2019-11-28 02:28:54', '2019-11-27 23:28:54');
INSERT INTO `sys_user_token` VALUES (53, 'fcece2e16865bbe215e1564b08bb51c9', '2019-12-01 03:00:49', '2019-12-01 00:00:49');
INSERT INTO `sys_user_token` VALUES (58, 'fcf802987f75d81c80a3dbd3eb82bef3', '2020-07-10 19:30:50', '2020-07-10 16:30:50');
INSERT INTO `sys_user_token` VALUES (59, '24f7045e01592fd467977d9d63ed6a71', '2020-06-30 04:47:50', '2020-06-30 01:47:50');
INSERT INTO `sys_user_token` VALUES (62, '3d21e6452420e3a7270c5feb59325991', '2020-06-30 01:55:18', '2020-06-29 22:55:18');
INSERT INTO `sys_user_token` VALUES (65, '635867e8187cf5c2c6c7ec5be3542a38', '2020-11-14 04:43:04', '2020-11-14 01:43:04');
INSERT INTO `sys_user_token` VALUES (66, '86b51865aa23cf640b1e4baabdb756dc', '2020-11-14 06:44:37', '2020-11-14 03:44:37');
INSERT INTO `sys_user_token` VALUES (67, '4c62956932cd6b9079a088521c24e5e6', '2021-04-02 12:12:07', '2021-04-02 09:12:07');
INSERT INTO `sys_user_token` VALUES (68, '348d260d0adf9a96c3d146d88fa3663e', '2021-04-01 19:16:12', '2021-04-01 16:16:12');
INSERT INTO `sys_user_token` VALUES (232, '9fb26d27ce518b437f7f84d796690cb5', '2021-04-01 19:16:44', '2021-04-01 16:16:44');

-- ----------------------------
-- Table structure for sys_userface
-- ----------------------------
DROP TABLE IF EXISTS `sys_userface`;
CREATE TABLE `sys_userface`  (
  `id` int(20) NOT NULL AUTO_INCREMENT COMMENT 'id',
  `userid` varchar(50) CHARACTER SET utf8 COLLATE utf8_general_ci NULL DEFAULT NULL COMMENT '用户id',
  `face` varchar(50) CHARACTER SET utf8 COLLATE utf8_general_ci NULL DEFAULT NULL COMMENT '人脸id',
  PRIMARY KEY (`id`) USING BTREE
) ENGINE = InnoDB AUTO_INCREMENT = 134 CHARACTER SET = utf8 COLLATE = utf8_general_ci ROW_FORMAT = Dynamic;

-- ----------------------------
-- Records of sys_userface
-- ----------------------------
INSERT INTO `sys_userface` VALUES (115, '65', '1605292917306.jpg');
INSERT INTO `sys_userface` VALUES (116, '66', '1605293097150.jpg');
INSERT INTO `sys_userface` VALUES (117, '1', '1617707058522.png');
INSERT INTO `sys_userface` VALUES (118, '1', '1617707601139.png');
INSERT INTO `sys_userface` VALUES (119, '1', '1619514970860.png');
INSERT INTO `sys_userface` VALUES (120, '222311', '1621423248302.jpg');
INSERT INTO `sys_userface` VALUES (122, '222314', '1631125851979.png');
INSERT INTO `sys_userface` VALUES (123, '222312', '1631126531101.jpg');
INSERT INTO `sys_userface` VALUES (124, '222322', '1634183599471.png');
INSERT INTO `sys_userface` VALUES (125, '222322', '1634191957210.png');
INSERT INTO `sys_userface` VALUES (126, '222322', '1634197145071.png');
INSERT INTO `sys_userface` VALUES (127, '222322', '1634197147676.png');
INSERT INTO `sys_userface` VALUES (128, '222323', '1634198433932.png');
INSERT INTO `sys_userface` VALUES (129, '222324', '1634262111483.png');
INSERT INTO `sys_userface` VALUES (130, '222325', '1634266425334.png');
INSERT INTO `sys_userface` VALUES (131, '222326', '1634884814808.png');
INSERT INTO `sys_userface` VALUES (132, '222329', '1634888765116.png');
INSERT INTO `sys_userface` VALUES (133, '222329', '1634890004741.png');

-- ----------------------------
-- Table structure for sys_userfinger
-- ----------------------------
DROP TABLE IF EXISTS `sys_userfinger`;
CREATE TABLE `sys_userfinger`  (
  `ID` bigint(32) NOT NULL AUTO_INCREMENT,
  `USERID` bigint(32) NULL DEFAULT NULL COMMENT '用户id',
  `TYPE` varchar(32) CHARACTER SET utf8 COLLATE utf8_general_ci NULL DEFAULT NULL COMMENT '手指类型',
  `FINGER` varchar(1024) CHARACTER SET utf8 COLLATE utf8_general_ci NULL DEFAULT NULL COMMENT '指纹',
  PRIMARY KEY (`ID`) USING BTREE
) ENGINE = InnoDB AUTO_INCREMENT = 154 CHARACTER SET = utf8 COLLATE = utf8_general_ci COMMENT = '用户指纹' ROW_FORMAT = Dynamic;

-- ----------------------------
-- Records of sys_userfinger
-- ----------------------------
INSERT INTO `sys_userfinger` VALUES (149, 65, '小拇指', '123123213123');
INSERT INTO `sys_userfinger` VALUES (150, 65, 'l_xmz', '123123213123');
INSERT INTO `sys_userfinger` VALUES (151, 2, 'zsxmz', '1w23232232322ewewe232');
INSERT INTO `sys_userfinger` VALUES (152, 2, 'zsxmz', '1w23232232322ewewe232');
INSERT INTO `sys_userfinger` VALUES (153, 222314, '1', '123123');

-- ----------------------------
-- Table structure for t_tools_cabinet
-- ----------------------------
DROP TABLE IF EXISTS `t_tools_cabinet`;
CREATE TABLE `t_tools_cabinet`  (
  `ID` bigint(20) NOT NULL AUTO_INCREMENT COMMENT 'ID',
  `REMOTE_ID` varchar(30) CHARACTER SET utf8 COLLATE utf8_general_ci NULL DEFAULT NULL COMMENT '远端id',
  `NAME` varchar(50) CHARACTER SET utf8 COLLATE utf8_general_ci NULL DEFAULT NULL COMMENT '名称',
  `CODE` varchar(50) CHARACTER SET utf8 COLLATE utf8_general_ci NULL DEFAULT NULL COMMENT '编号',
  `STATUS` varchar(10) CHARACTER SET utf8 COLLATE utf8_general_ci NULL DEFAULT NULL COMMENT '状态',
  `TOKEN` varchar(10) CHARACTER SET utf8 COLLATE utf8_general_ci NULL DEFAULT NULL COMMENT '唯一字段',
  PRIMARY KEY (`ID`) USING BTREE
) ENGINE = InnoDB AUTO_INCREMENT = 4 CHARACTER SET = utf8 COLLATE = utf8_general_ci COMMENT = '柜子表' ROW_FORMAT = Dynamic;

-- ----------------------------
-- Records of t_tools_cabinet
-- ----------------------------
INSERT INTO `t_tools_cabinet` VALUES (3, '2', '2号柜', '2号柜', '2号柜', '8OD9HZNZ');

-- ----------------------------
-- Table structure for t_tools_info
-- ----------------------------
DROP TABLE IF EXISTS `t_tools_info`;
CREATE TABLE `t_tools_info`  (
  `ID` bigint(20) NOT NULL AUTO_INCREMENT COMMENT 'id',
  `CODE` varchar(50) CHARACTER SET utf8 COLLATE utf8_general_ci NULL DEFAULT NULL COMMENT '编号',
  `TYPE` varchar(50) CHARACTER SET utf8 COLLATE utf8_general_ci NULL DEFAULT NULL COMMENT '类型',
  `RFID` varchar(50) CHARACTER SET utf8 COLLATE utf8_general_ci NULL DEFAULT NULL COMMENT '标签号',
  `STATUS` varchar(10) CHARACTER SET utf8 COLLATE utf8_general_ci NULL DEFAULT NULL COMMENT '状态',
  `CABINET_ID` varchar(20) CHARACTER SET utf8 COLLATE utf8_general_ci NULL DEFAULT NULL COMMENT '柜子',
  `REMOTE_ID` varchar(20) CHARACTER SET utf8 COLLATE utf8_general_ci NULL DEFAULT NULL,
  PRIMARY KEY (`ID`) USING BTREE
) ENGINE = InnoDB AUTO_INCREMENT = 12 CHARACTER SET = utf8 COLLATE = utf8_general_ci COMMENT = '工具表' ROW_FORMAT = Dynamic;

-- ----------------------------
-- Records of t_tools_info
-- ----------------------------
INSERT INTO `t_tools_info` VALUES (6, '001', '扳手', '0001', '1', '3', '1');
INSERT INTO `t_tools_info` VALUES (10, '002', '钳子', '0002', '1', '3', '2');
INSERT INTO `t_tools_info` VALUES (11, '003', '螺丝刀', '0003', '1', '3', '3');

-- ----------------------------
-- Table structure for t_tools_user
-- ----------------------------
DROP TABLE IF EXISTS `t_tools_user`;
CREATE TABLE `t_tools_user`  (
  `ID` bigint(20) NOT NULL AUTO_INCREMENT,
  `TOOLS_ID` varchar(20) CHARACTER SET utf8 COLLATE utf8_general_ci NULL DEFAULT NULL COMMENT '工具id',
  `USER_ID` varchar(20) CHARACTER SET utf8 COLLATE utf8_general_ci NULL DEFAULT NULL COMMENT '用户id',
  PRIMARY KEY (`ID`) USING BTREE
) ENGINE = InnoDB AUTO_INCREMENT = 9 CHARACTER SET = utf8 COLLATE = utf8_general_ci COMMENT = '工具用户表' ROW_FORMAT = Dynamic;

-- ----------------------------
-- Records of t_tools_user
-- ----------------------------
INSERT INTO `t_tools_user` VALUES (5, '6', '1');
INSERT INTO `t_tools_user` VALUES (8, '2', '14');

-- ----------------------------
-- Table structure for tb_user
-- ----------------------------
DROP TABLE IF EXISTS `tb_user`;
CREATE TABLE `tb_user`  (
  `user_id` bigint(20) NOT NULL AUTO_INCREMENT,
  `username` varchar(50) CHARACTER SET utf8 COLLATE utf8_general_ci NOT NULL COMMENT '用户名',
  `mobile` varchar(20) CHARACTER SET utf8 COLLATE utf8_general_ci NOT NULL COMMENT '手机号',
  `password` varchar(64) CHARACTER SET utf8 COLLATE utf8_general_ci NULL DEFAULT NULL COMMENT '密码',
  `create_time` datetime(0) NULL DEFAULT NULL COMMENT '创建时间',
  PRIMARY KEY (`user_id`) USING BTREE,
  UNIQUE INDEX `username`(`username`) USING BTREE
) ENGINE = InnoDB AUTO_INCREMENT = 2 CHARACTER SET = utf8 COLLATE = utf8_general_ci COMMENT = '用户' ROW_FORMAT = Dynamic;

-- ----------------------------
-- Records of tb_user
-- ----------------------------
INSERT INTO `tb_user` VALUES (1, 'mark', '13612345678', '8c6976e5b5410415bde908bd4dee15dfb167a9c873fc4bb8a81f6f2ab448a918', '2017-03-23 22:37:41');

-- ----------------------------
-- Function structure for getDeptUp
-- ----------------------------
DROP FUNCTION IF EXISTS `getDeptUp`;
delimiter ;;
CREATE FUNCTION `getDeptUp`(rid VARCHAR(50))
 RETURNS varchar(1000) CHARSET utf8
BEGIN 
 DECLARE sTemp VARCHAR(1000); 
 DECLARE sTempChd VARCHAR(1000); 

 SET sTemp = '$'; 
 SET sTempChd =cast(rid as CHAR); 

 WHILE sTempChd is not null DO 
   SET sTemp = concat(sTemp,',',sTempChd); 
   SELECT group_concat(parent_id) INTO sTempChd FROM sys_dept where FIND_IN_SET(dept_id,sTempChd)>0; 
 END WHILE; 
 RETURN sTemp; 
 END
;;
delimiter ;

-- ----------------------------
-- Procedure structure for test_insert
-- ----------------------------
DROP PROCEDURE IF EXISTS `test_insert`;
delimiter ;;
CREATE PROCEDURE `test_insert`()
BEGIN 
DECLARE y BIGINT DEFAULT 100;
SET y=10;
WHILE y<100000
DO
INSERT INTO `sys_user` VALUES (y, y, y, '33a0b25582ff15114864792518344d8994e007e36e98e6dd9b209a9f86c8747e', null, 'YzcmCZNvbXocrsz9dm8e', null, null, null, '1', '1', null, '123', '1');
SET y=y+1; 
END WHILE ; 
commit; 
END
;;
delimiter ;

SET FOREIGN_KEY_CHECKS = 1;
